AllocationID,InvoiceID,CustomerID,AllocationDate,Amount
ALC-000001,INV-000007,C013,2024-04-19,4446.66
ALC-000002,INV-000021,C040,2024-04-22,10110.12
ALC-000003,INV-000009,C008,2024-04-26,3427.59
ALC-000004,INV-000005,C045,2024-04-29,9206.19
ALC-000005,INV-000014,C031,2024-04-29,14620.17
ALC-000006,INV-000027,C050,2024-04-29,15749.60
ALC-000007,INV-000020,C031,2024-05-01,4168.78
ALC-000008,INV-000001,C031,2024-05-02,3848.38
ALC-000009,INV-000003,C021,2024-05-02,14522.98
ALC-000010,INV-000039,C013,2024-05-03,5246.19
ALC-000011,INV-000041,C009,2024-05-07,14366.95
ALC-000012,INV-000048,C001,2024-05-07,16028.56
ALC-000013,INV-000037,C031,2024-05-08,4412.44
ALC-000014,INV-000013,C011,2024-05-09,4701.01
ALC-000015,INV-000057,C042,2024-05-09,11700.00
ALC-000016,INV-000034,C021,2024-05-13,25150.50
ALC-000017,INV-000078,C031,2024-05-13,5036.59
ALC-000018,INV-000019,C011,2024-05-14,12500.00
ALC-000019,INV-000006,C032,2024-05-15,8180.56
ALC-000020,INV-000074,C021,2024-05-16,10131.38
ALC-000021,INV-000002,C030,2024-05-20,33780.63
ALC-000022,INV-000015,C030,2024-05-20,8433.11
ALC-000023,INV-000024,C048,2024-05-20,22019.46
ALC-000024,INV-000059,C023,2024-05-20,4151.77
ALC-000025,INV-000008,C049,2024-05-22,11678.08
ALC-000026,INV-000084,C042,2024-05-22,8973.11
ALC-000027,INV-000042,C030,2024-05-23,2784.00
ALC-000028,INV-000065,C010,2024-05-23,3624.48
ALC-000029,INV-000011,C038,2024-05-24,10449.87
ALC-000030,INV-000080,C011,2024-05-24,2000.00
ALC-000031,INV-000023,C037,2024-05-28,17778.60
ALC-000032,INV-000030,C030,2024-05-28,833.88
ALC-000033,INV-000049,C045,2024-05-28,32360.39
ALC-000034,INV-000066,C010,2024-05-28,7641.10
ALC-000035,INV-000090,C018,2024-05-28,11100.00
ALC-000036,INV-000091,C031,2024-05-28,9802.61
ALC-000037,INV-000099,C013,2024-05-28,8595.34
ALC-000038,INV-000105,C020,2024-05-28,21128.72
ALC-000039,INV-000047,C028,2024-05-29,12600.65
ALC-000040,INV-000052,C030,2024-05-29,3769.09
ALC-000041,INV-000087,C019,2024-05-29,8084.41
ALC-000042,INV-000025,C041,2024-05-30,21031.69
ALC-000043,INV-000086,C031,2024-05-30,3820.08
ALC-000044,INV-000127,C031,2024-05-30,11763.14
ALC-000045,INV-000016,C023,2024-05-31,8299.19
ALC-000046,INV-000050,C030,2024-05-31,6243.87
ALC-000047,INV-000071,C001,2024-05-31,7634.29
ALC-000048,INV-000046,C001,2024-06-03,5400.00
ALC-000049,INV-000063,C030,2024-06-03,8170.84
ALC-000050,INV-000083,C014,2024-06-03,6433.02
ALC-000051,INV-000094,C019,2024-06-03,11363.04
ALC-000052,INV-000102,C027,2024-06-03,7144.91
ALC-000053,INV-000103,C021,2024-06-03,12366.19
ALC-000054,INV-000104,C027,2024-06-03,9664.56
ALC-000055,INV-000111,C027,2024-06-03,17583.43
ALC-000056,INV-000029,C037,2024-06-04,9011.07
ALC-000057,INV-000051,C022,2024-06-04,2738.53
ALC-000058,INV-000095,C001,2024-06-04,7585.43
ALC-000059,INV-000026,C038,2024-06-05,4996.96
ALC-000060,INV-000040,C010,2024-06-05,9599.63
ALC-000061,INV-000041,C009,2024-06-06,16347.91
ALC-000062,INV-000054,C030,2024-06-06,8102.70
ALC-000063,INV-000061,C011,2024-06-06,7749.30
ALC-000064,INV-000096,C020,2024-06-06,35931.05
ALC-000065,INV-000132,C031,2024-06-06,6486.99
ALC-000066,INV-000031,C041,2024-06-07,1097.92
ALC-000067,INV-000038,C041,2024-06-07,7109.03
ALC-000068,INV-000060,C031,2024-06-07,6027.69
ALC-000069,INV-000079,C030,2024-06-07,2500.00
ALC-000070,INV-000129,C018,2024-06-07,6099.64
ALC-000071,INV-000136,C008,2024-06-07,10500.00
ALC-000072,INV-000001,C031,2024-06-10,7451.62
ALC-000073,INV-000018,C002,2024-06-10,1121.10
ALC-000074,INV-000033,C023,2024-06-10,15700.00
ALC-000075,INV-000045,C037,2024-06-10,9708.06
ALC-000076,INV-000067,C001,2024-06-10,9681.09
ALC-000077,INV-000081,C037,2024-06-10,24648.37
ALC-000078,INV-000112,C034,2024-06-10,3641.66
ALC-000079,INV-000117,C014,2024-06-10,4306.82
ALC-000080,INV-000145,C019,2024-06-10,10023.06
ALC-000081,INV-000163,C031,2024-06-10,3963.53
ALC-000082,INV-000012,C043,2024-06-11,9728.31
ALC-000083,INV-000022,C033,2024-06-11,9034.80
ALC-000084,INV-000044,C023,2024-06-11,5978.31
ALC-000085,INV-000116,C010,2024-06-11,15948.71
ALC-000086,INV-000139,C013,2024-06-11,5383.64
ALC-000087,INV-000055,C017,2024-06-12,4851.57
ALC-000088,INV-000058,C016,2024-06-12,8782.79
ALC-000089,INV-000068,C041,2024-06-12,9376.06
ALC-000090,INV-000110,C010,2024-06-13,6178.51
ALC-000091,INV-000010,C015,2024-06-14,7878.72
ALC-000092,INV-000120,C011,2024-06-14,2143.30
ALC-000093,INV-000144,C014,2024-06-14,17259.03
ALC-000094,INV-000043,C016,2024-06-17,18002.45
ALC-000095,INV-000113,C025,2024-06-17,5014.50
ALC-000096,INV-000123,C030,2024-06-17,12151.13
ALC-000097,INV-000126,C010,2024-06-17,28648.04
ALC-000098,INV-000128,C010,2024-06-17,11438.23
ALC-000099,INV-000135,C030,2024-06-17,6542.10
ALC-000100,INV-000004,C015,2024-06-18,9822.41
ALC-000101,INV-000075,C049,2024-06-18,6246.53
ALC-000102,INV-000107,C038,2024-06-18,37903.25
ALC-000103,INV-000042,C030,2024-06-19,6099.28
ALC-000104,INV-000070,C007,2024-06-19,7260.35
ALC-000105,INV-000182,C019,2024-06-19,13293.12
ALC-000106,INV-000064,C043,2024-06-20,6836.93
ALC-000107,INV-000078,C031,2024-06-20,2463.41
ALC-000108,INV-000092,C041,2024-06-20,34658.72
ALC-000109,INV-000125,C030,2024-06-20,13440.94
ALC-000110,INV-000171,C013,2024-06-20,38494.46
ALC-000111,INV-000026,C038,2024-06-21,8630.92
ALC-000112,INV-000106,C041,2024-06-21,2261.65
ALC-000113,INV-000170,C025,2024-06-21,10319.79
ALC-000114,INV-000028,C015,2024-06-24,5171.24
ALC-000115,INV-000056,C015,2024-06-24,34900.00
ALC-000116,INV-000088,C011,2024-06-24,11220.81
ALC-000117,INV-000101,C018,2024-06-24,20277.73
ALC-000118,INV-000139,C013,2024-06-24,5472.59
ALC-000119,INV-000157,C030,2024-06-24,7560.21
ALC-000120,INV-000162,C031,2024-06-24,6426.41
ALC-000121,INV-000168,C027,2024-06-24,5459.30
ALC-000122,INV-000176,C014,2024-06-24,5247.54
ALC-000123,INV-000180,C042,2024-06-24,19000.00
ALC-000124,INV-000017,C043,2024-06-25,4092.80
ALC-000125,INV-000089,C029,2024-06-25,13832.99
ALC-000126,INV-000131,C025,2024-06-25,23596.97
ALC-000127,INV-000160,C027,2024-06-25,3376.58
ALC-000128,INV-000119,C032,2024-06-26,3049.54
ALC-000129,INV-000053,C036,2024-06-27,2964.13
ALC-000130,INV-000122,C022,2024-06-27,2500.00
ALC-000131,INV-000191,C031,2024-06-27,6843.43
ALC-000132,INV-000197,C014,2024-06-27,7605.10
ALC-000133,INV-000100,C047,2024-06-28,9779.67
ALC-000134,INV-000173,C042,2024-06-28,22202.61
ALC-000135,INV-000204,C012,2024-06-28,16839.66
ALC-000136,INV-000211,C027,2024-06-28,12820.65
ALC-000137,INV-000212,C027,2024-06-28,2434.69
ALC-000138,INV-000035,C015,2024-07-01,6622.71
ALC-000139,INV-000072,C011,2024-07-01,8400.00
ALC-000140,INV-000114,C041,2024-07-01,5624.95
ALC-000141,INV-000121,C022,2024-07-01,8193.26
ALC-000142,INV-000137,C033,2024-07-01,10475.09
ALC-000143,INV-000151,C030,2024-07-01,8700.00
ALC-000144,INV-000164,C052,2024-07-01,10980.37
ALC-000145,INV-000167,C027,2024-07-01,16166.55
ALC-000146,INV-000153,C030,2024-07-02,21591.88
ALC-000147,INV-000147,C010,2024-07-03,3689.15
ALC-000148,INV-000185,C019,2024-07-03,10575.34
ALC-000149,INV-000223,C025,2024-07-03,3542.53
ALC-000150,INV-000097,C043,2024-07-04,5800.00
ALC-000151,INV-000154,C030,2024-07-04,3557.29
ALC-000152,INV-000179,C011,2024-07-04,3300.00
ALC-000153,INV-000098,C015,2024-07-05,5565.59
ALC-000154,INV-000149,C001,2024-07-05,5665.42
ALC-000155,INV-000159,C030,2024-07-05,9100.00
ALC-000156,INV-000200,C042,2024-07-05,2987.10
ALC-000157,INV-000031,C041,2024-07-08,2302.08
ALC-000158,INV-000032,C004,2024-07-08,16698.87
ALC-000159,INV-000036,C038,2024-07-08,37747.14
ALC-000160,INV-000069,C005,2024-07-08,1587.93
ALC-000161,INV-000070,C007,2024-07-08,5739.65
ALC-000162,INV-000134,C038,2024-07-08,7516.07
ALC-000163,INV-000140,C007,2024-07-08,5924.83
ALC-000164,INV-000141,C029,2024-07-08,10200.00
ALC-000165,INV-000155,C030,2024-07-08,7328.48
ALC-000166,INV-000210,C031,2024-07-08,3900.00
ALC-000167,INV-000077,C047,2024-07-09,9366.82
ALC-000168,INV-000232,C031,2024-07-09,4879.34
ALC-000169,INV-000082,C046,2024-07-10,6986.43
ALC-000170,INV-000093,C037,2024-07-10,8800.00
ALC-000171,INV-000112,C034,2024-07-10,3442.83
ALC-000172,INV-000150,C011,2024-07-10,5926.17
ALC-000173,INV-000209,C027,2024-07-10,3600.00
ALC-000174,INV-000213,C021,2024-07-10,5078.27
ALC-000175,INV-000218,C050,2024-07-11,12472.43
ALC-000176,INV-000073,C015,2024-07-12,3386.19
ALC-000177,INV-000215,C035,2024-07-12,37327.83
ALC-000178,INV-000142,C049,2024-07-15,5228.59
ALC-000179,INV-000217,C030,2024-07-15,9063.42
ALC-000180,INV-000225,C027,2024-07-15,13933.78
ALC-000181,INV-000228,C042,2024-07-15,15501.23
ALC-000182,INV-000237,C013,2024-07-15,5562.94
ALC-000183,INV-000230,C020,2024-07-16,12021.59
ALC-000184,INV-000252,C031,2024-07-16,2772.59
ALC-000185,INV-000262,C008,2024-07-16,10733.71
ALC-000186,INV-000064,C043,2024-07-17,8707.82
ALC-000187,INV-000085,C044,2024-07-17,31279.87
ALC-000188,INV-000138,C015,2024-07-17,7505.11
ALC-000189,INV-000172,C040,2024-07-17,4781.31
ALC-000190,INV-000176,C014,2024-07-17,11852.46
ALC-000191,INV-000219,C031,2024-07-17,6714.23
ALC-000192,INV-000246,C008,2024-07-17,6800.00
ALC-000193,INV-000247,C034,2024-07-17,7253.03
ALC-000194,INV-000253,C042,2024-07-17,9583.42
ALC-000195,INV-000118,C036,2024-07-18,10113.19
ALC-000196,INV-000183,C010,2024-07-18,1618.49
ALC-000197,INV-000257,C013,2024-07-18,6088.88
ALC-000198,INV-000109,C015,2024-07-19,7700.00
ALC-000199,INV-000198,C011,2024-07-19,15306.43
ALC-000200,INV-000223,C025,2024-07-19,7542.07
ALC-000201,INV-000269,C031,2024-07-19,2384.84
ALC-000202,INV-000143,C036,2024-07-22,34583.13
ALC-000203,INV-000250,C034,2024-07-22,8022.15
ALC-000204,INV-000268,C008,2024-07-22,4400.00
ALC-000205,INV-000245,C014,2024-07-23,6478.60
ALC-000206,INV-000255,C019,2024-07-23,7000.00
ALC-000207,INV-000273,C031,2024-07-23,6853.07
ALC-000208,INV-000309,C042,2024-07-23,7825.69
ALC-000209,INV-000124,C037,2024-07-24,2649.98
ALC-000210,INV-000193,C049,2024-07-24,9505.24
ALC-000211,INV-000203,C023,2024-07-24,12699.95
ALC-000212,INV-000231,C028,2024-07-24,10300.00
ALC-000213,INV-000181,C022,2024-07-25,24400.62
ALC-000214,INV-000187,C029,2024-07-25,6957.92
ALC-000215,INV-000296,C032,2024-07-25,4806.05
ALC-000216,INV-000140,C007,2024-07-26,3475.17
ALC-000217,INV-000199,C010,2024-07-26,4610.99
ALC-000218,INV-000224,C028,2024-07-26,35716.25
ALC-000219,INV-000271,C012,2024-07-26,18733.44
ALC-000220,INV-000062,C043,2024-07-29,23191.54
ALC-000221,INV-000115,C004,2024-07-29,32795.48
ALC-000222,INV-000152,C003,2024-07-29,2665.30
ALC-000223,INV-000174,C022,2024-07-29,3908.16
ALC-000224,INV-000196,C043,2024-07-29,5492.22
ALC-000225,INV-000235,C011,2024-07-29,15848.23
ALC-000226,INV-000248,C030,2024-07-29,7200.00
ALC-000227,INV-000267,C031,2024-07-29,8155.23
ALC-000228,INV-000282,C031,2024-07-29,5631.48
ALC-000229,INV-000285,C019,2024-07-29,14567.37
ALC-000230,INV-000289,C027,2024-07-29,25087.08
ALC-000231,INV-000290,C031,2024-07-29,1793.75
ALC-000232,INV-000291,C020,2024-07-29,4326.38
ALC-000233,INV-000292,C013,2024-07-29,12824.83
ALC-000234,INV-000256,C011,2024-07-30,17258.64
ALC-000235,INV-000286,C010,2024-07-30,6793.09
ALC-000236,INV-000307,C021,2024-07-30,6208.05
ALC-000237,INV-000148,C002,2024-07-31,2902.51
ALC-000238,INV-000303,C020,2024-07-31,14605.74
ALC-000239,INV-000186,C041,2024-08-01,4600.00
ALC-000240,INV-000275,C031,2024-08-01,3995.29
ALC-000241,INV-000280,C008,2024-08-01,25384.44
ALC-000242,INV-000288,C013,2024-08-01,16581.52
ALC-000243,INV-000161,C004,2024-08-02,23166.82
ALC-000244,INV-000146,C002,2024-08-05,7000.00
ALC-000245,INV-000147,C010,2024-08-05,1582.79
ALC-000246,INV-000241,C030,2024-08-05,21203.74
ALC-000247,INV-000265,C030,2024-08-05,16773.31
ALC-000248,INV-000273,C031,2024-08-05,3946.03
ALC-000249,INV-000299,C021,2024-08-05,6703.36
ALC-000250,INV-000301,C006,2024-08-05,3777.45
ALC-000251,INV-000315,C027,2024-08-05,14704.39
ALC-000252,INV-000189,C044,2024-08-06,26526.82
ALC-000253,INV-000205,C052,2024-08-06,10952.30
ALC-000254,INV-000207,C047,2024-08-06,3270.69
ALC-000255,INV-000213,C021,2024-08-06,5213.70
ALC-000256,INV-000308,C013,2024-08-06,7971.65
ALC-000257,INV-000221,C041,2024-08-07,11727.71
ALC-000258,INV-000238,C028,2024-08-07,1768.70
ALC-000259,INV-000311,C010,2024-08-07,6500.00
ALC-000260,INV-000336,C014,2024-08-07,7218.90
ALC-000261,INV-000195,C017,2024-08-08,15598.23
ALC-000262,INV-000259,C030,2024-08-08,3949.16
ALC-000263,INV-000333,C031,2024-08-08,27421.54
ALC-000264,INV-000166,C015,2024-08-09,11128.50
ALC-000265,INV-000169,C037,2024-08-09,10148.23
ALC-000266,INV-000277,C010,2024-08-09,12500.00
ALC-000267,INV-000069,C005,2024-08-12,2821.78
ALC-000268,INV-000142,C049,2024-08-12,3159.05
ALC-000269,INV-000165,C037,2024-08-12,5987.68
ALC-000270,INV-000184,C036,2024-08-12,8861.87
ALC-000271,INV-000214,C041,2024-08-12,14200.42
ALC-000272,INV-000216,C023,2024-08-12,16959.70
ALC-000273,INV-000227,C029,2024-08-12,19930.71
ALC-000274,INV-000229,C011,2024-08-12,1524.26
ALC-000275,INV-000236,C038,2024-08-12,9628.65
ALC-000276,INV-000263,C001,2024-08-12,4569.52
ALC-000277,INV-000276,C002,2024-08-12,5667.09
ALC-000278,INV-000294,C001,2024-08-12,14353.65
ALC-000279,INV-000305,C027,2024-08-12,19500.00
ALC-000280,INV-000306,C031,2024-08-12,13128.26
ALC-000281,INV-000314,C027,2024-08-12,6382.33
ALC-000282,INV-000325,C031,2024-08-12,15081.73
ALC-000283,INV-000196,C043,2024-08-13,2672.66
ALC-000284,INV-000244,C041,2024-08-13,6900.00
ALC-000285,INV-000316,C042,2024-08-13,15300.00
ALC-000286,INV-000348,C010,2024-08-13,2954.63
ALC-000287,INV-000351,C008,2024-08-13,5015.66
ALC-000288,INV-000352,C034,2024-08-13,3747.98
ALC-000289,INV-000356,C028,2024-08-13,13850.21
ALC-000290,INV-000076,C037,2024-08-14,4090.63
ALC-000291,INV-000192,C043,2024-08-14,36751.23
ALC-000292,INV-000208,C041,2024-08-14,5392.65
ALC-000293,INV-000226,C041,2024-08-14,11100.00
ALC-000294,INV-000240,C041,2024-08-14,4873.87
ALC-000295,INV-000331,C018,2024-08-14,25496.96
ALC-000296,INV-000190,C015,2024-08-15,1236.81
ALC-000297,INV-000252,C031,2024-08-15,1830.44
ALC-000298,INV-000177,C016,2024-08-16,13100.00
ALC-000299,INV-000202,C044,2024-08-16,9266.84
ALC-000300,INV-000361,C027,2024-08-16,4800.00
ALC-000301,INV-000206,C015,2024-08-19,2946.67
ALC-000302,INV-000220,C017,2024-08-19,6456.13
ALC-000303,INV-000254,C041,2024-08-19,18300.00
ALC-000304,INV-000261,C041,2024-08-19,2100.00
ALC-000305,INV-000266,C045,2024-08-19,3349.12
ALC-000306,INV-000327,C011,2024-08-19,4846.93
ALC-000307,INV-000329,C042,2024-08-19,4000.00
ALC-000308,INV-000362,C027,2024-08-19,3937.39
ALC-000309,INV-000353,C013,2024-08-20,18708.57
ALC-000310,INV-000183,C010,2024-08-21,2718.57
ALC-000311,INV-000328,C032,2024-08-21,3777.34
ALC-000312,INV-000355,C013,2024-08-21,8238.74
ALC-000313,INV-000357,C014,2024-08-21,7439.15
ALC-000314,INV-000360,C050,2024-08-21,18933.36
ALC-000315,INV-000237,C013,2024-08-22,3928.01
ALC-000316,INV-000249,C022,2024-08-22,11984.08
ALC-000317,INV-000274,C004,2024-08-22,5744.44
ALC-000318,INV-000337,C029,2024-08-22,6172.02
ALC-000319,INV-000188,C015,2024-08-23,2100.00
ALC-000320,INV-000234,C043,2024-08-23,7806.19
ALC-000321,INV-000279,C041,2024-08-23,7371.87
ALC-000322,INV-000293,C030,2024-08-23,9845.03
ALC-000323,INV-000233,C043,2024-08-27,2837.78
ALC-000324,INV-000258,C016,2024-08-27,2494.40
ALC-000325,INV-000260,C001,2024-08-27,37155.66
ALC-000326,INV-000269,C031,2024-08-27,5369.57
ALC-000327,INV-000287,C029,2024-08-27,10718.32
ALC-000328,INV-000300,C010,2024-08-27,11700.00
ALC-000329,INV-000320,C035,2024-08-27,10548.71
ALC-000330,INV-000335,C050,2024-08-27,6965.34
ALC-000331,INV-000372,C027,2024-08-27,3339.27
ALC-000332,INV-000239,C043,2024-08-28,14500.00
ALC-000333,INV-000243,C015,2024-08-28,7867.01
ALC-000334,INV-000326,C045,2024-08-28,14499.68
ALC-000335,INV-000158,C015,2024-08-29,6569.93
ALC-000336,INV-000264,C002,2024-08-29,27396.63
ALC-000337,INV-000330,C023,2024-08-29,4530.30
ALC-000338,INV-000310,C041,2024-08-30,29000.00
ALC-000339,INV-000369,C001,2024-08-30,27225.69
ALC-000340,INV-000377,C042,2024-08-30,4862.94
ALC-000341,INV-000382,C042,2024-08-30,5636.62
ALC-000342,INV-000175,C044,2024-09-02,21100.00
ALC-000343,INV-000194,C013,2024-09-02,13212.98
ALC-000344,INV-000290,C031,2024-09-02,1748.79
ALC-000345,INV-000314,C027,2024-09-02,3917.67
ALC-000346,INV-000341,C025,2024-09-02,31635.26
ALC-000347,INV-000358,C010,2024-09-02,7434.93
ALC-000348,INV-000367,C032,2024-09-02,10607.78
ALC-000349,INV-000370,C011,2024-09-02,9382.30
ALC-000350,INV-000340,C010,2024-09-03,31492.54
ALC-000351,INV-000364,C013,2024-09-03,9442.13
ALC-000352,INV-000346,C052,2024-09-04,8323.00
ALC-000353,INV-000384,C025,2024-09-04,8244.49
ALC-000354,INV-000201,C053,2024-09-05,5660.87
ALC-000355,INV-000375,C020,2024-09-05,24253.05
ALC-000356,INV-000130,C030,2024-09-06,16660.95
ALC-000357,INV-000302,C049,2024-09-06,15221.74
ALC-000358,INV-000362,C027,2024-09-06,6562.61
ALC-000359,INV-000365,C023,2024-09-06,1900.67
ALC-000360,INV-000270,C002,2024-09-09,7041.41
ALC-000361,INV-000278,C023,2024-09-09,22033.57
ALC-000362,INV-000298,C039,2024-09-09,1365.00
ALC-000363,INV-000313,C044,2024-09-09,28751.74
ALC-000364,INV-000328,C032,2024-09-09,1712.71
ALC-000365,INV-000376,C034,2024-09-09,11300.00
ALC-000366,INV-000397,C011,2024-09-09,10645.77
ALC-000367,INV-000420,C054,2024-09-09,2957.10
ALC-000368,INV-000422,C042,2024-09-09,9365.48
ALC-000369,INV-000279,C041,2024-09-10,7245.09
ALC-000370,INV-000297,C015,2024-09-10,19261.81
ALC-000371,INV-000321,C041,2024-09-10,3764.55
ALC-000372,INV-000348,C010,2024-09-10,2322.72
ALC-000373,INV-000178,C015,2024-09-11,10200.00
ALC-000374,INV-000238,C028,2024-09-11,4003.52
ALC-000375,INV-000258,C016,2024-09-11,2352.22
ALC-000376,INV-000332,C041,2024-09-11,11620.72
ALC-000377,INV-000385,C030,2024-09-11,7037.82
ALC-000378,INV-000405,C013,2024-09-11,4734.25
ALC-000379,INV-000408,C042,2024-09-11,22843.22
ALC-000380,INV-000165,C037,2024-09-12,9590.64
ALC-000381,INV-000317,C041,2024-09-12,19653.33
ALC-000382,INV-000240,C041,2024-09-13,3385.65
ALC-000383,INV-000378,C010,2024-09-13,13464.01
ALC-000384,INV-000401,C018,2024-09-13,21291.26
ALC-000385,INV-000242,C053,2024-09-16,1830.31
ALC-000386,INV-000243,C015,2024-09-16,7204.45
ALC-000387,INV-000251,C015,2024-09-16,18954.98
ALC-000388,INV-000272,C003,2024-09-16,2845.72
ALC-000389,INV-000281,C047,2024-09-16,9429.91
ALC-000390,INV-000351,C008,2024-09-16,2944.36
ALC-000391,INV-000383,C054,2024-09-16,4700.00
ALC-000392,INV-000409,C013,2024-09-16,13292.96
ALC-000393,INV-000410,C019,2024-09-16,10106.50
ALC-000394,INV-000411,C008,2024-09-16,11074.31
ALC-000395,INV-000428,C008,2024-09-16,18629.25
ALC-000396,INV-000338,C041,2024-09-17,14241.14
ALC-000397,INV-000343,C015,2024-09-17,17254.49
ALC-000398,INV-000377,C042,2024-09-17,3307.77
ALC-000399,INV-000381,C011,2024-09-17,16828.37
ALC-000400,INV-000387,C001,2024-09-17,8930.29
ALC-000401,INV-000319,C004,2024-09-18,6117.17
ALC-000402,INV-000354,C011,2024-09-18,14914.99
ALC-000403,INV-000417,C042,2024-09-18,8071.52
ALC-000404,INV-000344,C041,2024-09-19,4150.34
ALC-000405,INV-000424,C027,2024-09-19,6000.00
ALC-000406,INV-000433,C020,2024-09-19,11900.00
ALC-000407,INV-000284,C053,2024-09-23,12498.74
ALC-000408,INV-000339,C041,2024-09-23,2609.89
ALC-000409,INV-000347,C022,2024-09-23,3657.16
ALC-000410,INV-000395,C035,2024-09-23,11541.82
ALC-000411,INV-000414,C010,2024-09-23,6117.08
ALC-000412,INV-000427,C034,2024-09-23,9003.44
ALC-000413,INV-000402,C048,2024-09-24,7777.30
ALC-000414,INV-000304,C016,2024-09-26,7531.28
ALC-000415,INV-000441,C008,2024-09-26,6400.00
ALC-000416,INV-000491,C021,2024-09-26,6681.27
ALC-000417,INV-000312,C015,2024-09-27,5841.66
ALC-000418,INV-000324,C044,2024-09-27,27595.23
ALC-000419,INV-000345,C022,2024-09-27,23836.50
ALC-000420,INV-000380,C028,2024-09-27,2742.39
ALC-000421,INV-000242,C053,2024-09-30,2067.26
ALC-000422,INV-000323,C044,2024-09-30,7191.67
ALC-000423,INV-000334,C003,2024-09-30,7717.29
ALC-000424,INV-000342,C016,2024-09-30,28367.32
ALC-000425,INV-000406,C030,2024-09-30,2214.03
ALC-000426,INV-000443,C008,2024-09-30,10689.81
ALC-000427,INV-000447,C042,2024-09-30,6538.07
ALC-000428,INV-000494,C027,2024-09-30,7900.00
ALC-000429,INV-000371,C010,2024-10-01,13101.54
ALC-000430,INV-000415,C048,2024-10-01,6877.51
ALC-000431,INV-000464,C001,2024-10-01,5358.89
ALC-000432,INV-000471,C042,2024-10-01,17416.26
ALC-000433,INV-000392,C011,2024-10-02,8900.00
ALC-000434,INV-000398,C029,2024-10-02,28100.00
ALC-000435,INV-000410,C019,2024-10-02,5903.97
ALC-000436,INV-000413,C011,2024-10-02,5142.53
ALC-000437,INV-000425,C030,2024-10-02,9500.00
ALC-000438,INV-000438,C011,2024-10-02,3745.29
ALC-000439,INV-000233,C043,2024-10-04,5334.81
ALC-000440,INV-000338,C041,2024-10-04,6360.44
ALC-000441,INV-000350,C043,2024-10-04,8982.01
ALC-000442,INV-000394,C022,2024-10-04,16532.92
ALC-000443,INV-000349,C039,2024-10-07,6878.89
ALC-000444,INV-000368,C015,2024-10-07,3306.05
ALC-000445,INV-000391,C041,2024-10-07,6529.89
ALC-000446,INV-000399,C029,2024-10-07,6204.28
ALC-000447,INV-000407,C029,2024-10-07,22067.21
ALC-000448,INV-000432,C057,2024-10-07,15556.81
ALC-000449,INV-000448,C021,2024-10-07,10186.64
ALC-000450,INV-000457,C031,2024-10-07,15178.78
ALC-000451,INV-000465,C013,2024-10-07,9976.72
ALC-000452,INV-000486,C008,2024-10-07,5453.45
ALC-000453,INV-000497,C042,2024-10-07,10957.80
ALC-000454,INV-000499,C010,2024-10-07,10607.49
ALC-000455,INV-000222,C010,2024-10-08,7226.61
ALC-000456,INV-000400,C030,2024-10-08,26800.00
ALC-000457,INV-000445,C013,2024-10-08,7229.87
ALC-000458,INV-000478,C031,2024-10-08,5064.12
ALC-000459,INV-000504,C012,2024-10-08,5922.35
ALC-000460,INV-000436,C030,2024-10-09,6059.19
ALC-000461,INV-000466,C012,2024-10-09,1309.77
ALC-000462,INV-000492,C034,2024-10-09,11793.29
ALC-000463,INV-000386,C015,2024-10-10,13400.00
ALC-000464,INV-000446,C052,2024-10-10,2823.46
ALC-000465,INV-000473,C045,2024-10-10,3694.23
ALC-000466,INV-000484,C027,2024-10-10,12626.58
ALC-000467,INV-000495,C020,2024-10-10,9185.09
ALC-000468,INV-000517,C027,2024-10-10,13100.62
ALC-000469,INV-000482,C031,2024-10-11,2668.53
ALC-000470,INV-000505,C018,2024-10-11,25475.00
ALC-000471,INV-000512,C027,2024-10-11,14400.00
ALC-000472,INV-000133,C041,2024-10-14,6703.25
ALC-000473,INV-000344,C041,2024-10-14,2024.49
ALC-000474,INV-000363,C015,2024-10-14,3622.92
ALC-000475,INV-000388,C047,2024-10-14,3820.77
ALC-000476,INV-000389,C044,2024-10-14,11909.17
ALC-000477,INV-000417,C042,2024-10-14,7798.16
ALC-000478,INV-000431,C057,2024-10-14,5973.69
ALC-000479,INV-000453,C032,2024-10-14,18324.24
ALC-000480,INV-000470,C030,2024-10-14,5061.35
ALC-000481,INV-000474,C048,2024-10-14,9005.26
ALC-000482,INV-000520,C042,2024-10-14,2900.00
ALC-000483,INV-000531,C013,2024-10-14,6552.68
ALC-000484,INV-000412,C047,2024-10-15,14872.39
ALC-000485,INV-000467,C048,2024-10-15,6194.80
ALC-000486,INV-000503,C019,2024-10-15,9681.38
ALC-000487,INV-000298,C039,2024-10-16,635.00
ALC-000488,INV-000418,C023,2024-10-16,7000.00
ALC-000489,INV-000472,C011,2024-10-16,9088.77
ALC-000490,INV-000521,C011,2024-10-16,6833.25
ALC-000491,INV-000538,C034,2024-10-16,6895.57
ALC-000492,INV-000548,C042,2024-10-16,5138.94
ALC-000493,INV-000379,C018,2024-10-17,7700.00
ALC-000494,INV-000405,C013,2024-10-17,2612.14
ALC-000495,INV-000421,C025,2024-10-17,10746.07
ALC-000496,INV-000480,C030,2024-10-17,5007.14
ALC-000497,INV-000498,C013,2024-10-17,3910.73
ALC-000498,INV-000318,C002,2024-10-18,10400.00
ALC-000499,INV-000322,C053,2024-10-18,8800.00
ALC-000500,INV-000514,C013,2024-10-18,3100.00
ALC-000501,INV-000395,C035,2024-10-21,9839.93
ALC-000502,INV-000396,C022,2024-10-21,10207.92
ALC-000503,INV-000403,C041,2024-10-21,6652.94
ALC-000504,INV-000449,C030,2024-10-21,7000.00
ALC-000505,INV-000456,C047,2024-10-21,2264.44
ALC-000506,INV-000502,C021,2024-10-21,10000.59
ALC-000507,INV-000515,C010,2024-10-21,3471.85
ALC-000508,INV-000526,C027,2024-10-21,10800.00
ALC-000509,INV-000530,C042,2024-10-21,26786.57
ALC-000510,INV-000533,C031,2024-10-21,6849.86
ALC-000511,INV-000560,C027,2024-10-21,8893.11
ALC-000512,INV-000373,C036,2024-10-22,8774.66
ALC-000513,INV-000423,C038,2024-10-22,7742.97
ALC-000514,INV-000452,C045,2024-10-22,5094.16
ALC-000515,INV-000459,C025,2024-10-22,28023.30
ALC-000516,INV-000525,C013,2024-10-22,777.32
ALC-000517,INV-000295,C013,2024-10-24,3798.28
ALC-000518,INV-000458,C030,2024-10-24,5497.02
ALC-000519,INV-000496,C032,2024-10-24,7494.30
ALC-000520,INV-000543,C013,2024-10-24,6490.32
ALC-000521,INV-000339,C041,2024-10-25,3355.99
ALC-000522,INV-000404,C037,2024-10-25,14990.36
ALC-000523,INV-000477,C026,2024-10-25,1478.24
ALC-000524,INV-000544,C011,2024-10-25,13160.29
ALC-000525,INV-000374,C047,2024-10-28,23179.58
ALC-000526,INV-000435,C041,2024-10-28,10151.48
ALC-000527,INV-000450,C007,2024-10-28,21877.44
ALC-000528,INV-000469,C001,2024-10-28,9869.21
ALC-000529,INV-000474,C048,2024-10-28,4065.62
ALC-000530,INV-000482,C031,2024-10-28,5261.57
ALC-000531,INV-000484,C027,2024-10-28,9706.99
ALC-000532,INV-000500,C030,2024-10-28,29400.00
ALC-000533,INV-000542,C032,2024-10-28,1889.10
ALC-000534,INV-000546,C012,2024-10-28,3823.10
ALC-000535,INV-000554,C028,2024-10-28,8998.66
ALC-000536,INV-000561,C031,2024-10-28,14510.55
ALC-000537,INV-000430,C029,2024-10-29,22541.78
ALC-000538,INV-000558,C027,2024-10-29,8179.03
ALC-000539,INV-000562,C013,2024-10-29,3788.59
ALC-000540,INV-000366,C053,2024-10-30,3097.85
ALC-000541,INV-000481,C022,2024-10-30,19800.00
ALC-000542,INV-000516,C010,2024-10-30,2524.47
ALC-000543,INV-000553,C013,2024-10-30,5100.00
ALC-000544,INV-000506,C035,2024-11-01,6300.00
ALC-000545,INV-000390,C056,2024-11-04,1344.53
ALC-000546,INV-000442,C022,2024-11-04,18923.05
ALC-000547,INV-000444,C044,2024-11-04,11190.64
ALC-000548,INV-000447,C042,2024-11-04,5376.34
ALC-000549,INV-000490,C029,2024-11-04,3947.82
ALC-000550,INV-000525,C013,2024-11-04,986.38
ALC-000551,INV-000537,C042,2024-11-04,13553.25
ALC-000552,INV-000557,C057,2024-11-04,5940.37
ALC-000553,INV-000574,C058,2024-11-04,4874.10
ALC-000554,INV-000580,C031,2024-11-04,13484.01
ALC-000555,INV-000566,C027,2024-11-05,1262.33
ALC-000556,INV-000437,C046,2024-11-06,2918.90
ALC-000557,INV-000476,C015,2024-11-06,7107.16
ALC-000558,INV-000493,C041,2024-11-06,34700.72
ALC-000559,INV-000508,C010,2024-11-06,14200.00
ALC-000560,INV-000585,C012,2024-11-06,6453.38
ALC-000561,INV-000359,C037,2024-11-07,12041.17
ALC-000562,INV-000434,C002,2024-11-07,15031.63
ALC-000563,INV-000463,C044,2024-11-07,11000.00
ALC-000564,INV-000363,C015,2024-11-08,2198.49
ALC-000565,INV-000518,C030,2024-11-08,2678.95
ALC-000566,INV-000440,C043,2024-11-11,7504.16
ALC-000567,INV-000454,C049,2024-11-11,23000.00
ALC-000568,INV-000469,C001,2024-11-11,7950.54
ALC-000569,INV-000509,C030,2024-11-11,2811.68
ALC-000570,INV-000578,C050,2024-11-11,5815.67
ALC-000571,INV-000108,C043,2024-11-12,7484.68
ALC-000572,INV-000451,C016,2024-11-12,12388.33
ALC-000573,INV-000419,C004,2024-11-13,7427.35
ALC-000574,INV-000461,C033,2024-11-13,9928.21
ALC-000575,INV-000426,C044,2024-11-14,4499.11
ALC-000576,INV-000439,C043,2024-11-14,19226.49
ALC-000577,INV-000527,C041,2024-11-14,11203.63
ALC-000578,INV-000576,C001,2024-11-14,35700.00
ALC-000579,INV-000591,C042,2024-11-14,12004.00
ALC-000580,INV-000595,C027,2024-11-14,15988.45
ALC-000581,INV-000470,C030,2024-11-15,7438.65
ALC-000582,INV-000521,C011,2024-11-15,3994.41
ALC-000583,INV-000562,C013,2024-11-15,5162.82
ALC-000584,INV-000468,C047,2024-11-18,27684.43
ALC-000585,INV-000532,C041,2024-11-18,19584.20
ALC-000586,INV-000563,C029,2024-11-18,4375.99
ALC-000587,INV-000566,C027,2024-11-18,2435.51
ALC-000588,INV-000568,C001,2024-11-18,13842.49
ALC-000589,INV-000593,C034,2024-11-18,15101.51
ALC-000590,INV-000605,C013,2024-11-18,5081.62
ALC-000591,INV-000489,C002,2024-11-19,3313.53
ALC-000592,INV-000551,C040,2024-11-19,3434.23
ALC-000593,INV-000613,C020,2024-11-19,32263.78
ALC-000594,INV-000541,C041,2024-11-20,2488.73
ALC-000595,INV-000513,C004,2024-11-21,4545.85
ALC-000596,INV-000586,C027,2024-11-21,11340.16
ALC-000597,INV-000610,C042,2024-11-21,6400.00
ALC-000598,INV-000621,C027,2024-11-21,14418.86
ALC-000599,INV-000475,C022,2024-11-22,4083.85
ALC-000600,INV-000539,C049,2024-11-22,13912.70
ALC-000601,INV-000612,C057,2024-11-22,8744.86
ALC-000602,INV-000283,C043,2024-11-25,28042.33
ALC-000603,INV-000456,C047,2024-11-25,1054.99
ALC-000604,INV-000507,C047,2024-11-25,4846.20
ALC-000605,INV-000545,C007,2024-11-25,10693.87
ALC-000606,INV-000549,C044,2024-11-25,10403.89
ALC-000607,INV-000552,C041,2024-11-25,10529.49
ALC-000608,INV-000582,C010,2024-11-25,22895.68
ALC-000609,INV-000393,C002,2024-11-26,7400.00
ALC-000610,INV-000439,C043,2024-11-26,13273.51
ALC-000611,INV-000635,C042,2024-11-26,5426.24
ALC-000612,INV-000501,C038,2024-11-27,6500.00
ALC-000613,INV-000542,C032,2024-11-27,998.73
ALC-000614,INV-000416,C005,2024-11-28,3200.00
ALC-000615,INV-000535,C002,2024-11-28,5639.80
ALC-000616,INV-000573,C041,2024-11-28,14182.50
ALC-000617,INV-000575,C011,2024-11-28,16024.12
ALC-000618,INV-000597,C057,2024-11-28,2259.77
ALC-000619,INV-000632,C012,2024-11-28,30674.38
ALC-000620,INV-000638,C031,2024-11-28,3824.15
ALC-000621,INV-000657,C008,2024-11-28,13013.15
ALC-000622,INV-000659,C027,2024-11-28,5816.19
ALC-000623,INV-000594,C030,2024-11-29,4061.33
ALC-000624,INV-000614,C030,2024-11-29,21900.00
ALC-000625,INV-000642,C010,2024-11-29,10318.87
ALC-000626,INV-000534,C037,2024-12-02,11257.41
ALC-000627,INV-000540,C039,2024-12-02,1591.15
ALC-000628,INV-000556,C011,2024-12-02,7937.03
ALC-000629,INV-000583,C037,2024-12-02,14598.32
ALC-000630,INV-000588,C025,2024-12-02,7785.60
ALC-000631,INV-000616,C011,2024-12-02,4666.06
ALC-000632,INV-000645,C027,2024-12-02,13856.25
ALC-000633,INV-000669,C042,2024-12-02,5400.00
ALC-000634,INV-000677,C021,2024-12-02,6300.00
ALC-000635,INV-000488,C015,2024-12-03,8212.43
ALC-000636,INV-000524,C043,2024-12-03,13540.59
ALC-000637,INV-000550,C041,2024-12-03,9237.53
ALC-000638,INV-000577,C057,2024-12-03,20708.20
ALC-000639,INV-000605,C013,2024-12-03,9116.04
ALC-000640,INV-000625,C030,2024-12-03,3748.31
ALC-000641,INV-000633,C027,2024-12-03,7934.86
ALC-000642,INV-000455,C004,2024-12-04,6000.00
ALC-000643,INV-000523,C044,2024-12-04,2814.30
ALC-000644,INV-000602,C048,2024-12-04,9800.00
ALC-000645,INV-000703,C034,2024-12-04,5559.70
ALC-000646,INV-000631,C023,2024-12-05,9919.93
ALC-000647,INV-000663,C020,2024-12-05,17774.94
ALC-000648,INV-000699,C018,2024-12-05,6001.18
ALC-000649,INV-000558,C027,2024-12-06,9020.97
ALC-000650,INV-000604,C029,2024-12-06,18057.52
ALC-000651,INV-000623,C032,2024-12-06,14813.79
ALC-000652,INV-000649,C020,2024-12-06,5551.84
ALC-000653,INV-000665,C014,2024-12-06,11840.37
ALC-000654,INV-000670,C030,2024-12-06,25344.14
ALC-000655,INV-000689,C034,2024-12-06,5282.15
ALC-000656,INV-000690,C021,2024-12-06,3693.27
ALC-000657,INV-000460,C024,2024-12-09,15051.05
ALC-000658,INV-000462,C037,2024-12-09,5658.50
ALC-000659,INV-000485,C022,2024-12-09,15261.00
ALC-000660,INV-000510,C016,2024-12-09,24439.78
ALC-000661,INV-000528,C015,2024-12-09,4624.35
ALC-000662,INV-000529,C039,2024-12-09,3518.47
ALC-000663,INV-000536,C015,2024-12-09,5226.80
ALC-000664,INV-000624,C032,2024-12-09,7755.70
ALC-000665,INV-000628,C049,2024-12-09,9276.22
ALC-000666,INV-000662,C023,2024-12-09,18671.59
ALC-000667,INV-000674,C014,2024-12-09,4421.64
ALC-000668,INV-000676,C019,2024-12-09,8179.42
ALC-000669,INV-000709,C019,2024-12-09,4401.14
ALC-000670,INV-000518,C030,2024-12-10,2428.70
ALC-000671,INV-000615,C027,2024-12-10,2547.27
ALC-000672,INV-000522,C004,2024-12-11,25159.82
ALC-000673,INV-000547,C036,2024-12-11,19456.38
ALC-000674,INV-000570,C022,2024-12-11,10095.09
ALC-000675,INV-000666,C013,2024-12-11,2647.55
ALC-000676,INV-000156,C044,2024-12-12,12900.00
ALC-000677,INV-000483,C015,2024-12-12,25052.14
ALC-000678,INV-000592,C049,2024-12-12,5435.04
ALC-000679,INV-000607,C025,2024-12-12,5542.05
ALC-000680,INV-000639,C057,2024-12-12,11938.13
ALC-000681,INV-000702,C021,2024-12-12,18106.12
ALC-000682,INV-000622,C035,2024-12-13,6114.30
ALC-000683,INV-000708,C031,2024-12-13,7288.58
ALC-000684,INV-000479,C005,2024-12-16,25652.16
ALC-000685,INV-000519,C038,2024-12-16,4865.23
ALC-000686,INV-000581,C007,2024-12-16,16495.11
ALC-000687,INV-000637,C025,2024-12-16,38901.57
ALC-000688,INV-000660,C023,2024-12-16,4346.76
ALC-000689,INV-000693,C001,2024-12-16,4699.58
ALC-000690,INV-000694,C031,2024-12-16,5640.86
ALC-000691,INV-000696,C031,2024-12-16,16153.94
ALC-000692,INV-000710,C034,2024-12-16,2134.59
ALC-000693,INV-000711,C031,2024-12-16,7450.40
ALC-000694,INV-000721,C013,2024-12-16,9420.56
ALC-000695,INV-000735,C027,2024-12-16,4594.22
ALC-000696,INV-000559,C036,2024-12-17,7842.45
ALC-000697,INV-000654,C006,2024-12-17,1858.15
ALC-000698,INV-000692,C027,2024-12-17,4348.40
ALC-000699,INV-000511,C022,2024-12-18,6526.54
ALC-000700,INV-000601,C036,2024-12-18,6846.89
ALC-000701,INV-000714,C009,2024-12-18,6300.00
ALC-000702,INV-000750,C027,2024-12-18,9038.45
ALC-000703,INV-000761,C027,2024-12-18,8260.30
ALC-000704,INV-000567,C055,2024-12-19,22782.60
ALC-000705,INV-000598,C036,2024-12-19,7162.53
ALC-000706,INV-000608,C046,2024-12-19,1921.77
ALC-000707,INV-000650,C011,2024-12-19,6684.78
ALC-000708,INV-000653,C046,2024-12-19,24193.96
ALC-000709,INV-000681,C057,2024-12-19,5396.12
ALC-000710,INV-000704,C057,2024-12-20,2894.78
ALC-000711,INV-000705,C019,2024-12-20,14726.09
ALC-000712,INV-000720,C010,2024-12-20,14699.83
ALC-000713,INV-000724,C050,2024-12-20,17700.00
ALC-000714,INV-000740,C013,2024-12-20,604.32
ALC-000715,INV-000573,C041,2024-12-23,9661.30
ALC-000716,INV-000619,C049,2024-12-23,7029.30
ALC-000717,INV-000643,C043,2024-12-23,18995.90
ALC-000718,INV-000644,C032,2024-12-23,9914.60
ALC-000719,INV-000673,C057,2024-12-23,24349.58
ALC-000720,INV-000682,C001,2024-12-23,12241.01
ALC-000721,INV-000707,C014,2024-12-23,6532.35
ALC-000722,INV-000723,C057,2024-12-23,3769.90
ALC-000723,INV-000767,C042,2024-12-23,4870.87
ALC-000724,INV-000630,C022,2024-12-24,11201.78
ALC-000725,INV-000687,C057,2024-12-24,10000.00
ALC-000726,INV-000741,C031,2024-12-24,1809.33
ALC-000727,INV-000754,C042,2024-12-24,6554.38
ALC-000728,INV-000579,C022,2024-12-27,11190.26
ALC-000729,INV-000600,C015,2024-12-27,5200.00
ALC-000730,INV-000629,C037,2024-12-27,4263.45
ALC-000731,INV-000634,C041,2024-12-27,3405.00
ALC-000732,INV-000648,C010,2024-12-27,5200.37
ALC-000733,INV-000664,C023,2024-12-27,24945.60
ALC-000734,INV-000678,C051,2024-12-27,4788.09
ALC-000735,INV-000727,C032,2024-12-27,5894.29
ALC-000736,INV-000732,C058,2024-12-27,6401.12
ALC-000737,INV-000737,C021,2024-12-27,15800.00
ALC-000738,INV-000738,C013,2024-12-27,9135.88
ALC-000739,INV-000762,C027,2024-12-27,5600.00
ALC-000740,INV-000769,C021,2024-12-27,13858.00
ALC-000741,INV-000777,C027,2024-12-27,20385.90
ALC-000742,INV-000462,C037,2024-12-30,4741.50
ALC-000743,INV-000565,C002,2024-12-30,5263.83
ALC-000744,INV-000571,C044,2024-12-30,4645.28
ALC-000745,INV-000592,C049,2024-12-30,2683.05
ALC-000746,INV-000596,C015,2024-12-30,2500.00
ALC-000747,INV-000611,C015,2024-12-30,2292.88
ALC-000748,INV-000636,C010,2024-12-30,7424.92
ALC-000749,INV-000703,C034,2024-12-30,10779.10
ALC-000750,INV-000706,C001,2024-12-30,7003.54
ALC-000751,INV-000733,C057,2024-12-30,6115.49
ALC-000752,INV-000626,C015,2024-12-31,4700.00
ALC-000753,INV-000718,C010,2024-12-31,1278.45
ALC-000754,INV-000751,C055,2024-12-31,18634.11
ALC-000755,INV-000780,C008,2024-12-31,16624.43
ALC-000756,INV-000779,C027,2025-01-02,6154.03
ALC-000757,INV-000641,C022,2025-01-03,7803.24
ALC-000758,INV-000795,C031,2025-01-03,18160.01
ALC-000759,INV-000555,C010,2025-01-06,14015.43
ALC-000760,INV-000587,C046,2025-01-06,6059.05
ALC-000761,INV-000599,C044,2025-01-06,16941.29
ALC-000762,INV-000618,C002,2025-01-06,2745.07
ALC-000763,INV-000638,C031,2025-01-06,2226.14
ALC-000764,INV-000647,C015,2025-01-06,8900.00
ALC-000765,INV-000712,C022,2025-01-06,5190.55
ALC-000766,INV-000747,C010,2025-01-06,4864.61
ALC-000767,INV-000752,C025,2025-01-06,20951.90
ALC-000768,INV-000756,C011,2025-01-06,1588.79
ALC-000769,INV-000784,C031,2025-01-06,11077.99
ALC-000770,INV-000789,C027,2025-01-06,8844.29
ALC-000771,INV-000796,C014,2025-01-06,27450.94
ALC-000772,INV-000807,C021,2025-01-06,7547.17
ALC-000773,INV-000569,C053,2025-01-07,7858.59
ALC-000774,INV-000725,C041,2025-01-07,12729.00
ALC-000775,INV-000536,C015,2025-01-08,2583.76
ALC-000776,INV-000619,C049,2025-01-08,13600.30
ALC-000777,INV-000640,C046,2025-01-09,8243.92
ALC-000778,INV-000695,C037,2025-01-09,10327.74
ALC-000779,INV-000745,C001,2025-01-09,9867.95
ALC-000780,INV-000808,C011,2025-01-09,25301.51
ALC-000781,INV-000589,C020,2025-01-10,22883.75
ALC-000782,INV-000799,C013,2025-01-10,5850.07
ALC-000783,INV-000800,C027,2025-01-10,5592.56
ALC-000784,INV-000523,C044,2025-01-13,3816.10
ALC-000785,INV-000661,C044,2025-01-13,7487.45
ALC-000786,INV-000718,C010,2025-01-13,2230.98
ALC-000787,INV-000763,C030,2025-01-13,24200.00
ALC-000788,INV-000774,C032,2025-01-13,5465.35
ALC-000789,INV-000803,C018,2025-01-13,5906.52
ALC-000790,INV-000809,C027,2025-01-13,6733.26
ALC-000791,INV-000814,C012,2025-01-13,8951.18
ALC-000792,INV-000675,C037,2025-01-14,10920.41
ALC-000793,INV-000685,C029,2025-01-14,3194.49
ALC-000794,INV-000716,C016,2025-01-15,9140.26
ALC-000795,INV-000806,C031,2025-01-15,4043.71
ALC-000796,INV-000636,C010,2025-01-16,5123.64
ALC-000797,INV-000652,C002,2025-01-16,15695.04
ALC-000798,INV-000658,C010,2025-01-16,3914.16
ALC-000799,INV-000698,C016,2025-01-16,5859.28
ALC-000800,INV-000776,C057,2025-01-16,17744.40
ALC-000801,INV-000646,C015,2025-01-17,7279.39
ALC-000802,INV-000679,C015,2025-01-17,10000.00
ALC-000803,INV-000713,C029,2025-01-17,10574.23
ALC-000804,INV-000764,C057,2025-01-17,2910.66
ALC-000805,INV-000824,C019,2025-01-17,12184.96
ALC-000806,INV-000700,C004,2025-01-20,4731.99
ALC-000807,INV-000701,C038,2025-01-20,4926.36
ALC-000808,INV-000707,C014,2025-01-20,4199.30
ALC-000809,INV-000736,C001,2025-01-20,5015.84
ALC-000810,INV-000757,C038,2025-01-20,2657.75
ALC-000811,INV-000758,C041,2025-01-20,3316.12
ALC-000812,INV-000822,C031,2025-01-20,1129.14
ALC-000813,INV-000826,C013,2025-01-20,6403.59
ALC-000814,INV-000828,C001,2025-01-20,17033.86
ALC-000815,INV-000829,C019,2025-01-20,6824.14
ALC-000816,INV-000584,C033,2025-01-21,11477.15
ALC-000817,INV-000618,C002,2025-01-21,2596.49
ALC-000818,INV-000744,C017,2025-01-21,7263.12
ALC-000819,INV-000755,C038,2025-01-21,12687.61
ALC-000820,INV-000825,C013,2025-01-21,20690.41
ALC-000821,INV-000429,C015,2025-01-22,8718.36
ALC-000822,INV-000771,C033,2025-01-22,5699.59
ALC-000823,INV-000818,C057,2025-01-22,2028.24
ALC-000824,INV-000606,C036,2025-01-23,14326.67
ALC-000825,INV-000671,C015,2025-01-23,7916.25
ALC-000826,INV-000722,C015,2025-01-23,11403.94
ALC-000827,INV-000753,C027,2025-01-23,3772.95
ALC-000828,INV-000797,C057,2025-01-23,10382.97
ALC-000829,INV-000798,C011,2025-01-23,7776.54
ALC-000830,INV-000832,C012,2025-01-23,3564.50
ALC-000831,INV-000564,C053,2025-01-24,4053.38
ALC-000832,INV-000684,C015,2025-01-24,6971.18
ALC-000833,INV-000812,C057,2025-01-24,10117.72
ALC-000834,INV-000571,C044,2025-01-27,6657.64
ALC-000835,INV-000572,C005,2025-01-27,15700.00
ALC-000836,INV-000680,C043,2025-01-27,35775.91
ALC-000837,INV-000683,C047,2025-01-27,23187.56
ALC-000838,INV-000715,C044,2025-01-27,13061.51
ALC-000839,INV-000730,C015,2025-01-27,2638.06
ALC-000840,INV-000761,C027,2025-01-27,4917.78
ALC-000841,INV-000772,C043,2025-01-27,14577.14
ALC-000842,INV-000793,C010,2025-01-27,6355.47
ALC-000843,INV-000845,C012,2025-01-27,4664.77
ALC-000844,INV-000841,C001,2025-01-28,11922.45
ALC-000845,INV-000766,C017,2025-01-29,19000.00
ALC-000846,INV-000620,C004,2025-01-30,9270.29
ALC-000847,INV-000656,C037,2025-01-30,4312.21
ALC-000848,INV-000691,C043,2025-01-30,12299.41
ALC-000849,INV-000783,C035,2025-01-30,22880.92
ALC-000850,INV-000823,C010,2025-01-30,11050.00
ALC-000851,INV-000849,C011,2025-01-30,11618.40
ALC-000852,INV-000846,C001,2025-01-31,8892.08
ALC-000853,INV-000686,C033,2025-02-03,3488.16
ALC-000854,INV-000697,C056,2025-02-03,2000.00
ALC-000855,INV-000728,C037,2025-02-03,4331.65
ALC-000856,INV-000741,C031,2025-02-03,3432.68
ALC-000857,INV-000748,C044,2025-02-03,39714.31
ALC-000858,INV-000770,C041,2025-02-03,4000.00
ALC-000859,INV-000792,C057,2025-02-03,23747.48
ALC-000860,INV-000811,C037,2025-02-03,3119.21
ALC-000861,INV-000855,C018,2025-02-03,13021.64
ALC-000862,INV-000860,C042,2025-02-03,10389.81
ALC-000863,INV-000788,C015,2025-02-04,3352.63
ALC-000864,INV-000840,C048,2025-02-04,11369.08
ALC-000865,INV-000865,C031,2025-02-04,10300.00
ALC-000866,INV-000590,C005,2025-02-05,4944.34
ALC-000867,INV-000603,C053,2025-02-05,3126.93
ALC-000868,INV-000756,C011,2025-02-05,1776.27
ALC-000869,INV-000787,C029,2025-02-05,11781.21
ALC-000870,INV-000818,C057,2025-02-05,4230.74
ALC-000871,INV-000877,C013,2025-02-05,2736.22
ALC-000872,INV-000617,C053,2025-02-06,12506.01
ALC-000873,INV-000749,C015,2025-02-06,12500.53
ALC-000874,INV-000791,C022,2025-02-06,8800.00
ALC-000875,INV-000859,C027,2025-02-06,10100.00
ALC-000876,INV-000847,C009,2025-02-07,7700.00
ALC-000877,INV-000895,C020,2025-02-07,7123.29
ALC-000878,INV-000729,C024,2025-02-10,9600.00
ALC-000879,INV-000731,C047,2025-02-10,10100.00
ALC-000880,INV-000742,C004,2025-02-10,11266.73
ALC-000881,INV-000743,C051,2025-02-10,2531.71
ALC-000882,INV-000778,C038,2025-02-10,4980.52
ALC-000883,INV-000817,C060,2025-02-10,20545.47
ALC-000884,INV-000831,C060,2025-02-10,33886.19
ALC-000885,INV-000852,C027,2025-02-10,9406.37
ALC-000886,INV-000875,C042,2025-02-10,36300.00
ALC-000887,INV-000884,C011,2025-02-10,7600.00
ALC-000888,INV-000759,C043,2025-02-11,8966.98
ALC-000889,INV-000765,C044,2025-02-11,10500.00
ALC-000890,INV-000801,C041,2025-02-11,18282.75
ALC-000891,INV-000810,C016,2025-02-11,17822.02
ALC-000892,INV-000891,C034,2025-02-11,10654.66
ALC-000893,INV-000627,C024,2025-02-12,5197.29
ALC-000894,INV-000717,C043,2025-02-12,11469.13
ALC-000895,INV-000816,C023,2025-02-12,6517.44
ALC-000896,INV-000862,C057,2025-02-12,1657.28
ALC-000897,INV-000880,C008,2025-02-12,22295.16
ALC-000898,INV-000850,C037,2025-02-13,31203.41
ALC-000899,INV-000864,C013,2025-02-13,1059.60
ALC-000900,INV-000894,C020,2025-02-13,23842.48
ALC-000901,INV-000901,C027,2025-02-13,5400.00
ALC-000902,INV-000908,C034,2025-02-13,6356.42
ALC-000903,INV-000726,C037,2025-02-14,16300.00
ALC-000904,INV-000734,C043,2025-02-14,8944.33
ALC-000905,INV-000775,C022,2025-02-14,4657.71
ALC-000906,INV-000871,C030,2025-02-14,2696.71
ALC-000907,INV-000873,C058,2025-02-14,14058.49
ALC-000908,INV-000651,C041,2025-02-17,7654.25
ALC-000909,INV-000667,C011,2025-02-17,3464.48
ALC-000910,INV-000760,C022,2025-02-17,8412.27
ALC-000911,INV-000768,C015,2025-02-17,3815.50
ALC-000912,INV-000782,C029,2025-02-17,2916.81
ALC-000913,INV-000786,C038,2025-02-17,4670.87
ALC-000914,INV-000819,C002,2025-02-17,11106.49
ALC-000915,INV-000836,C041,2025-02-17,3288.48
ALC-000916,INV-000885,C025,2025-02-17,6127.70
ALC-000917,INV-000887,C008,2025-02-17,10443.72
ALC-000918,INV-000915,C042,2025-02-17,8135.59
ALC-000919,INV-000730,C015,2025-02-18,2761.94
ALC-000920,INV-000815,C029,2025-02-18,6304.59
ALC-000921,INV-000833,C006,2025-02-18,9736.98
ALC-000922,INV-000923,C021,2025-02-18,20445.96
ALC-000923,INV-000739,C038,2025-02-19,31817.06
ALC-000924,INV-000853,C001,2025-02-19,10600.00
ALC-000925,INV-000820,C043,2025-02-20,6462.10
ALC-000926,INV-000822,C031,2025-02-20,770.86
ALC-000927,INV-000858,C025,2025-02-20,10893.38
ALC-000928,INV-000898,C011,2025-02-20,6205.16
ALC-000929,INV-000685,C029,2025-02-21,3105.51
ALC-000930,INV-000843,C060,2025-02-21,3593.00
ALC-000931,INV-000857,C033,2025-02-21,4603.04
ALC-000932,INV-000890,C030,2025-02-21,12757.17
ALC-000933,INV-000893,C013,2025-02-21,6072.67
ALC-000934,INV-000902,C011,2025-02-21,8614.39
ALC-000935,INV-000930,C027,2025-02-21,9082.38
ALC-000936,INV-000719,C037,2025-02-24,13903.70
ALC-000937,INV-000764,C057,2025-02-24,3147.35
ALC-000938,INV-000805,C044,2025-02-24,5999.91
ALC-000939,INV-000821,C004,2025-02-24,5408.38
ALC-000940,INV-000837,C041,2025-02-24,7338.05
ALC-000941,INV-000839,C004,2025-02-24,4142.81
ALC-000942,INV-000861,C051,2025-02-24,6083.60
ALC-000943,INV-000874,C030,2025-02-24,3681.18
ALC-000944,INV-000899,C042,2025-02-24,7400.00
ALC-000945,INV-000904,C014,2025-02-24,5007.75
ALC-000946,INV-000937,C031,2025-02-24,5832.76
ALC-000947,INV-000918,C021,2025-02-25,10695.42
ALC-000948,INV-000487,C002,2025-02-26,14515.01
ALC-000949,INV-000851,C001,2025-02-26,8669.63
ALC-000950,INV-000927,C020,2025-02-26,16387.02
ALC-000951,INV-000672,C053,2025-02-27,950.38
ALC-000952,INV-000798,C011,2025-02-27,4226.13
ALC-000953,INV-000838,C017,2025-02-27,14103.82
ALC-000954,INV-000842,C041,2025-02-27,10893.11
ALC-000955,INV-000869,C030,2025-02-27,29710.07
ALC-000956,INV-000903,C011,2025-02-27,5100.00
ALC-000957,INV-000949,C027,2025-02-27,8592.25
ALC-000958,INV-000688,C041,2025-02-28,25562.05
ALC-000959,INV-000773,C044,2025-02-28,7889.53
ALC-000960,INV-000907,C020,2025-02-28,4200.00
ALC-000961,INV-000609,C002,2025-03-03,12007.17
ALC-000962,INV-000655,C051,2025-03-03,2809.43
ALC-000963,INV-000781,C056,2025-03-03,4828.66
ALC-000964,INV-000794,C056,2025-03-03,9800.00
ALC-000965,INV-000848,C041,2025-03-03,3321.44
ALC-000966,INV-000888,C014,2025-03-03,13734.99
ALC-000967,INV-000892,C010,2025-03-03,1586.94
ALC-000968,INV-000943,C025,2025-03-03,13534.39
ALC-000969,INV-000953,C013,2025-03-03,4232.81
ALC-000970,INV-000958,C034,2025-03-03,9502.39
ALC-000971,INV-000970,C031,2025-03-04,4704.55
ALC-000972,INV-000684,C015,2025-03-05,11070.49
ALC-000973,INV-000871,C030,2025-03-05,1203.29
ALC-000974,INV-000896,C011,2025-03-05,7532.41
ALC-000975,INV-000889,C030,2025-03-06,7500.00
ALC-000976,INV-000941,C020,2025-03-06,12895.55
ALC-000977,INV-000872,C037,2025-03-07,5800.00
ALC-000978,INV-000951,C042,2025-03-07,10974.26
ALC-000979,INV-000785,C015,2025-03-10,14900.00
ALC-000980,INV-000827,C037,2025-03-10,2944.01
ALC-000981,INV-000864,C013,2025-03-10,2052.60
ALC-000982,INV-000867,C041,2025-03-10,8900.00
ALC-000983,INV-000883,C041,2025-03-10,8668.92
ALC-000984,INV-000886,C030,2025-03-10,2139.33
ALC-000985,INV-000900,C048,2025-03-10,9387.11
ALC-000986,INV-000910,C057,2025-03-10,10062.60
ALC-000987,INV-000939,C009,2025-03-10,5614.63
ALC-000988,INV-000942,C031,2025-03-10,4544.61
ALC-000989,INV-000960,C021,2025-03-10,10675.22
ALC-000990,INV-000961,C020,2025-03-10,10353.33
ALC-000991,INV-000964,C060,2025-03-10,9369.88
ALC-000992,INV-000971,C050,2025-03-10,4161.28
ALC-000993,INV-000993,C018,2025-03-10,9500.00
ALC-000994,INV-000996,C021,2025-03-10,15082.15
ALC-000995,INV-000813,C015,2025-03-11,7078.74
ALC-000996,INV-000911,C030,2025-03-11,9459.12
ALC-000997,INV-000912,C030,2025-03-11,4920.28
ALC-000998,INV-000921,C030,2025-03-11,2994.03
ALC-000999,INV-000952,C019,2025-03-11,6629.47
ALC-001000,INV-000975,C042,2025-03-12,20086.32
ALC-001001,INV-000983,C045,2025-03-12,33912.12
ALC-001002,INV-000988,C031,2025-03-12,4992.55
ALC-001003,INV-000990,C020,2025-03-12,2600.00
ALC-001004,INV-000879,C029,2025-03-13,17652.40
ALC-001005,INV-000980,C031,2025-03-14,15805.96
ALC-001006,INV-000668,C041,2025-03-17,12778.05
ALC-001007,INV-000802,C027,2025-03-17,11045.62
ALC-001008,INV-000835,C015,2025-03-17,18759.11
ALC-001009,INV-000868,C029,2025-03-17,12655.53
ALC-001010,INV-000906,C029,2025-03-17,6213.89
ALC-001011,INV-000948,C060,2025-03-17,3500.00
ALC-001012,INV-000991,C021,2025-03-17,11004.19
ALC-001013,INV-000995,C011,2025-03-17,6604.35
ALC-001014,INV-001004,C013,2025-03-17,6100.00
ALC-001015,INV-001016,C031,2025-03-17,18066.41
ALC-001016,INV-000929,C013,2025-03-18,15204.39
ALC-001017,INV-000882,C015,2025-03-19,11287.43
ALC-001018,INV-000892,C010,2025-03-19,2721.45
ALC-001019,INV-000870,C033,2025-03-20,7867.02
ALC-001020,INV-000933,C057,2025-03-20,12160.72
ALC-001021,INV-001001,C013,2025-03-20,16377.80
ALC-001022,INV-000790,C057,2025-03-21,2400.80
ALC-001023,INV-000920,C017,2025-03-21,3498.72
ALC-001024,INV-000804,C037,2025-03-24,5806.06
ALC-001025,INV-000810,C016,2025-03-24,10445.92
ALC-001026,INV-000830,C002,2025-03-24,10100.00
ALC-001027,INV-000834,C057,2025-03-24,29720.32
ALC-001028,INV-000843,C060,2025-03-24,2651.21
ALC-001029,INV-000857,C033,2025-03-24,2287.39
ALC-001030,INV-000913,C022,2025-03-24,7678.45
ALC-001031,INV-000916,C041,2025-03-24,10763.25
ALC-001032,INV-000922,C041,2025-03-24,6600.00
ALC-001033,INV-000940,C032,2025-03-24,8610.73
ALC-001034,INV-000946,C030,2025-03-24,1714.15
ALC-001035,INV-000979,C045,2025-03-24,6513.00
ALC-001036,INV-001013,C011,2025-03-24,18614.37
ALC-001037,INV-001038,C008,2025-03-24,10628.99
ALC-001038,INV-000805,C044,2025-03-25,3090.41
ALC-001039,INV-000981,C030,2025-03-25,38900.00
ALC-001040,INV-000986,C057,2025-03-25,6858.83
ALC-001041,INV-000924,C057,2025-03-26,2162.57
ALC-001042,INV-001049,C012,2025-03-26,2208.00
ALC-001043,INV-000878,C031,2025-03-28,4612.44
ALC-001044,INV-000886,C030,2025-03-28,3672.84
ALC-001045,INV-001020,C031,2025-03-28,9453.36
ALC-001046,INV-001056,C031,2025-03-28,4068.74
ALC-001047,INV-000782,C029,2025-03-31,1363.46
ALC-001048,INV-000919,C049,2025-03-31,13000.00
ALC-001049,INV-000962,C022,2025-03-31,4100.00
ALC-001050,INV-000974,C030,2025-03-31,4700.77
ALC-001051,INV-000976,C055,2025-03-31,11589.56
ALC-001052,INV-000977,C019,2025-03-31,6110.19
ALC-001053,INV-000997,C040,2025-03-31,6001.81
ALC-001054,INV-001006,C014,2025-03-31,3102.22
ALC-001055,INV-001022,C027,2025-03-31,8709.74
ALC-001056,INV-001029,C013,2025-03-31,5272.70
ALC-001057,INV-001036,C042,2025-03-31,5572.45
ALC-001058,INV-001040,C027,2025-03-31,9300.00
ALC-001059,INV-001054,C012,2025-03-31,8657.19
ALC-001060,INV-001062,C010,2025-03-31,5272.10
ALC-001061,INV-001069,C027,2025-03-31,7667.84
ALC-001062,INV-000925,C047,2025-04-01,16841.28
ALC-001063,INV-000945,C002,2025-04-01,38804.86
ALC-001064,INV-000956,C015,2025-04-01,10000.00
ALC-001065,INV-000992,C009,2025-04-01,20774.31
ALC-001066,INV-001025,C027,2025-04-01,4100.42
ALC-001067,INV-001032,C011,2025-04-01,3617.16
ALC-001068,INV-000827,C037,2025-04-02,5187.13
ALC-001069,INV-000959,C037,2025-04-02,3896.81
ALC-001070,INV-001005,C038,2025-04-02,6687.46
ALC-001071,INV-000866,C002,2025-04-03,3551.42
ALC-001072,INV-000972,C057,2025-04-03,2905.54
ALC-001073,INV-000999,C057,2025-04-03,20016.38
ALC-001074,INV-001057,C031,2025-04-03,8700.00
ALC-001075,INV-001058,C042,2025-04-03,3319.57
ALC-001076,INV-001064,C018,2025-04-03,16021.82
ALC-001077,INV-000978,C041,2025-04-04,17507.68
ALC-001078,INV-001034,C057,2025-04-04,19251.86
ALC-001079,INV-000672,C053,2025-04-07,2049.62
ALC-001080,INV-000848,C041,2025-04-07,5688.38
ALC-001081,INV-000854,C051,2025-04-07,5800.00
ALC-001082,INV-000917,C041,2025-04-07,6016.22
ALC-001083,INV-000947,C033,2025-04-07,3983.74
ALC-001084,INV-000970,C031,2025-04-07,4645.17
ALC-001085,INV-001045,C030,2025-04-07,16523.67
ALC-001086,INV-001077,C018,2025-04-07,9702.45
ALC-001087,INV-001084,C014,2025-04-07,5397.73
ALC-001088,INV-001090,C020,2025-04-07,17509.53
ALC-001089,INV-000954,C041,2025-04-08,3196.76
ALC-001090,INV-000989,C049,2025-04-08,10647.60
ALC-001091,INV-000863,C038,2025-04-09,24795.12
ALC-001092,INV-001010,C036,2025-04-09,7300.00
ALC-001093,INV-001015,C057,2025-04-09,8279.26
ALC-001094,INV-001094,C012,2025-04-09,10200.00
ALC-001095,INV-001112,C027,2025-04-09,6618.79
ALC-001096,INV-000950,C044,2025-04-10,8634.73
ALC-001097,INV-000984,C002,2025-04-10,19505.21
ALC-001098,INV-000938,C022,2025-04-11,12552.39
ALC-001099,INV-001067,C012,2025-04-11,25130.22
ALC-001100,INV-000866,C002,2025-04-14,2688.80
ALC-001101,INV-000881,C036,2025-04-14,13386.89
ALC-001102,INV-000958,C034,2025-04-14,6957.29
ALC-001103,INV-001001,C013,2025-04-14,16531.42
ALC-001104,INV-001071,C009,2025-04-14,8738.00
ALC-001105,INV-001078,C027,2025-04-14,10617.98
ALC-001106,INV-001092,C027,2025-04-14,9100.00
ALC-001107,INV-001099,C011,2025-04-14,4792.08
ALC-001108,INV-000856,C024,2025-04-15,15100.00
ALC-001109,INV-000991,C021,2025-04-15,9251.10
ALC-001110,INV-001042,C027,2025-04-15,10277.67
ALC-001111,INV-001117,C031,2025-04-15,16800.00
ALC-001112,INV-000905,C044,2025-04-16,21554.42
ALC-001113,INV-000957,C003,2025-04-16,12597.59
ALC-001114,INV-001033,C011,2025-04-16,2735.95
ALC-001115,INV-001065,C011,2025-04-16,19749.04
ALC-001116,INV-001185,C010,2025-04-16,6552.49
ALC-001117,INV-000914,C039,2025-04-17,5423.32
ALC-001118,INV-000967,C033,2025-04-17,21100.00
ALC-001119,INV-000985,C041,2025-04-17,4338.41
ALC-001120,INV-000987,C044,2025-04-17,11900.00
ALC-001121,INV-000998,C041,2025-04-17,2935.68
ALC-001122,INV-001011,C011,2025-04-17,5800.00
ALC-001123,INV-001087,C027,2025-04-17,9481.99
ALC-001124,INV-000746,C037,2025-04-22,9385.65
ALC-001125,INV-000928,C044,2025-04-22,13200.18
ALC-001126,INV-000932,C016,2025-04-22,9740.37
ALC-001127,INV-000959,C037,2025-04-22,2664.13
ALC-001128,INV-000966,C004,2025-04-22,12399.34
ALC-001129,INV-001007,C057,2025-04-22,17633.37
ALC-001130,INV-001008,C043,2025-04-22,8200.00
ALC-001131,INV-001009,C037,2025-04-22,5006.22
ALC-001132,INV-001021,C043,2025-04-22,10500.00
ALC-001133,INV-001061,C051,2025-04-22,21866.08
ALC-001134,INV-001091,C040,2025-04-22,15326.67
ALC-001135,INV-001097,C030,2025-04-22,28236.53
ALC-001136,INV-001102,C027,2025-04-22,38327.32
ALC-001137,INV-001108,C027,2025-04-22,5744.16
ALC-001138,INV-001125,C034,2025-04-22,3085.42
ALC-001139,INV-001135,C027,2025-04-22,16507.31
ALC-001140,INV-001138,C013,2025-04-22,8400.00
ALC-001141,INV-000997,C040,2025-04-23,3143.70
ALC-001142,INV-001018,C015,2025-04-23,7560.33
ALC-001143,INV-001124,C027,2025-04-23,11948.90
ALC-001144,INV-001134,C008,2025-04-23,6414.32
ALC-001145,INV-001148,C027,2025-04-23,4810.47
ALC-001146,INV-000804,C037,2025-04-24,3293.94
ALC-001147,INV-001031,C002,2025-04-24,6780.56
ALC-001148,INV-001046,C037,2025-04-24,13134.52
ALC-001149,INV-001133,C057,2025-04-24,3205.55
ALC-001150,INV-001000,C015,2025-04-25,18333.64
ALC-001151,INV-001024,C046,2025-04-25,3172.21
ALC-001152,INV-001050,C009,2025-04-25,5986.60
ALC-001153,INV-001076,C057,2025-04-25,5740.65
ALC-001154,INV-001080,C030,2025-04-25,7702.50
ALC-001155,INV-001156,C031,2025-04-25,7472.33
ALC-001156,INV-001181,C050,2025-04-25,39602.75
ALC-001157,INV-000965,C043,2025-04-28,6202.39
ALC-001158,INV-000994,C041,2025-04-28,8716.04
ALC-001159,INV-001006,C014,2025-04-28,2071.30
ALC-001160,INV-001019,C057,2025-04-28,2764.07
ALC-001161,INV-001023,C007,2025-04-28,8090.18
ALC-001162,INV-001039,C041,2025-04-28,7300.00
ALC-001163,INV-001053,C038,2025-04-28,16571.46
ALC-001164,INV-001059,C025,2025-04-28,7800.00
ALC-001165,INV-001093,C060,2025-04-28,16664.79
ALC-001166,INV-001103,C011,2025-04-28,3991.17
ALC-001167,INV-001114,C030,2025-04-28,4710.00
ALC-001168,INV-001153,C031,2025-04-28,2401.84
ALC-001169,INV-001179,C013,2025-04-28,8900.00
ALC-001170,INV-001111,C054,2025-04-29,8017.89
ALC-001171,INV-001197,C012,2025-04-29,7439.35
ALC-001172,INV-001109,C060,2025-04-30,7524.30
ALC-001173,INV-001136,C013,2025-04-30,12400.00
ALC-001174,INV-000909,C005,2025-05-01,7311.50
ALC-001175,INV-001041,C051,2025-05-01,3555.07
ALC-001176,INV-001055,C057,2025-05-01,3705.65
ALC-001177,INV-001075,C002,2025-05-01,20317.59
ALC-001178,INV-001169,C020,2025-05-01,12254.03
ALC-001179,INV-000935,C002,2025-05-02,13123.19
ALC-001180,INV-000940,C032,2025-05-02,8152.87
ALC-001181,INV-001144,C060,2025-05-02,1555.35
ALC-001182,INV-001165,C014,2025-05-02,8200.00
ALC-001183,INV-001178,C013,2025-05-02,8614.02
ALC-001184,INV-000955,C015,2025-05-06,6551.30
ALC-001185,INV-001003,C004,2025-05-06,2767.48
ALC-001186,INV-001012,C039,2025-05-06,2268.22
ALC-001187,INV-001030,C029,2025-05-06,11992.76
ALC-001188,INV-001037,C041,2025-05-06,12402.28
ALC-001189,INV-001048,C054,2025-05-06,2924.68
ALC-001190,INV-001073,C004,2025-05-06,17843.97
ALC-001191,INV-001082,C041,2025-05-06,8378.70
ALC-001192,INV-001085,C017,2025-05-06,13399.12
ALC-001193,INV-001119,C030,2025-05-06,11661.73
ALC-001194,INV-001143,C060,2025-05-06,6377.53
ALC-001195,INV-001154,C030,2025-05-06,4423.13
ALC-001196,INV-001161,C027,2025-05-06,11300.00
ALC-001197,INV-001167,C011,2025-05-06,12492.74
ALC-001198,INV-001173,C031,2025-05-06,6045.58
ALC-001199,INV-001187,C031,2025-05-06,10500.00
ALC-001200,INV-000844,C015,2025-05-07,13000.00
ALC-001201,INV-001101,C060,2025-05-07,5088.95
ALC-001202,INV-001137,C036,2025-05-07,17302.06
ALC-001203,INV-001159,C013,2025-05-07,7600.00
ALC-001204,INV-001188,C042,2025-05-07,3785.06
ALC-001205,INV-001196,C021,2025-05-07,12425.11
ALC-001206,INV-001047,C015,2025-05-08,3674.95
ALC-001207,INV-001083,C017,2025-05-08,18513.75
ALC-001208,INV-001146,C059,2025-05-08,5367.06
ALC-001209,INV-000936,C044,2025-05-09,6745.82
ALC-001210,INV-000944,C056,2025-05-09,6421.48
ALC-001211,INV-001002,C015,2025-05-09,8161.47
ALC-001212,INV-001089,C007,2025-05-09,21461.17
ALC-001213,INV-001096,C036,2025-05-09,8970.19
ALC-001214,INV-001100,C010,2025-05-09,15443.60
ALC-001215,INV-001189,C031,2025-05-09,10024.18
ALC-001216,INV-000963,C053,2025-05-12,8232.97
ALC-001217,INV-001014,C015,2025-05-12,9077.25
ALC-001218,INV-001035,C003,2025-05-12,9168.68
ALC-001219,INV-001043,C002,2025-05-12,7369.17
ALC-001220,INV-001086,C044,2025-05-12,5000.00
ALC-001221,INV-001098,C041,2025-05-12,5645.21
ALC-001222,INV-001110,C010,2025-05-12,4947.96
ALC-001223,INV-001115,C030,2025-05-12,2637.93
ALC-001224,INV-001120,C041,2025-05-12,2247.39
ALC-001225,INV-001129,C037,2025-05-12,18500.00
ALC-001226,INV-001140,C030,2025-05-12,3278.96
ALC-001227,INV-001170,C051,2025-05-12,18459.10
ALC-001228,INV-001190,C013,2025-05-12,7099.20
ALC-001229,INV-001193,C031,2025-05-12,3612.92
ALC-001230,INV-001200,C031,2025-05-12,8057.46
ALC-001231,INV-001208,C018,2025-05-12,4908.04
ALC-001232,INV-001240,C027,2025-05-12,8422.42
ALC-001233,INV-000897,C053,2025-05-13,22836.04
ALC-001234,INV-001126,C030,2025-05-13,9413.60
ALC-001235,INV-000934,C043,2025-05-14,11170.76
ALC-001236,INV-000954,C041,2025-05-14,2005.35
ALC-001237,INV-001063,C003,2025-05-14,10090.01
ALC-001238,INV-001166,C029,2025-05-14,5509.25
ALC-001239,INV-001017,C037,2025-05-15,19846.97
ALC-001240,INV-001027,C036,2025-05-15,19404.99
ALC-001241,INV-001106,C041,2025-05-15,5691.98
ALC-001242,INV-001151,C060,2025-05-15,1805.72
ALC-001243,INV-001157,C030,2025-05-15,8396.06
ALC-001244,INV-001204,C027,2025-05-15,7970.26
ALC-001245,INV-001070,C041,2025-05-16,8135.04
ALC-001246,INV-001095,C015,2025-05-16,2347.12
ALC-001247,INV-001113,C015,2025-05-16,7316.86
ALC-001248,INV-001191,C030,2025-05-16,9220.82
ALC-001249,INV-000931,C041,2025-05-19,4570.18
ALC-001250,INV-001003,C004,2025-05-19,1676.71
ALC-001251,INV-001026,C003,2025-05-19,8295.97
ALC-001252,INV-001060,C007,2025-05-19,18271.29
ALC-001253,INV-001118,C049,2025-05-19,6438.12
ALC-001254,INV-001128,C029,2025-05-19,3817.58
ALC-001255,INV-001148,C027,2025-05-19,8145.45
ALC-001256,INV-001150,C007,2025-05-19,6168.18
ALC-001257,INV-001155,C029,2025-05-19,8186.28
ALC-001258,INV-001160,C034,2025-05-19,28890.29
ALC-001259,INV-001176,C029,2025-05-19,3104.34
ALC-001260,INV-001183,C057,2025-05-19,7582.17
ALC-001261,INV-001205,C057,2025-05-19,7811.17
ALC-001262,INV-001235,C031,2025-05-19,15031.67
ALC-001263,INV-001044,C037,2025-05-20,11400.00
ALC-001264,INV-001048,C054,2025-05-20,2845.15
ALC-001265,INV-001142,C022,2025-05-20,6463.55
ALC-001266,INV-001154,C030,2025-05-20,2718.01
ALC-001267,INV-001171,C052,2025-05-20,5090.19
ALC-001268,INV-001192,C025,2025-05-20,13377.58
ALC-001269,INV-001203,C023,2025-05-20,6688.65
ALC-001270,INV-001081,C039,2025-05-21,8778.48
ALC-001271,INV-001174,C029,2025-05-21,6154.92
ALC-001272,INV-001184,C030,2025-05-21,8201.44
ALC-001273,INV-001114,C030,2025-05-22,3390.00
ALC-001274,INV-001202,C001,2025-05-22,12278.11
ALC-001275,INV-001218,C027,2025-05-22,2327.24
ALC-001276,INV-001072,C015,2025-05-23,8803.71
ALC-001277,INV-001105,C015,2025-05-23,15100.00
ALC-001278,INV-001213,C011,2025-05-23,3596.19
ALC-001279,INV-001046,C037,2025-05-27,23098.89
ALC-001280,INV-001052,C057,2025-05-27,16400.00
ALC-001281,INV-001068,C043,2025-05-27,17936.42
ALC-001282,INV-001089,C007,2025-05-27,14038.83
ALC-001283,INV-001123,C036,2025-05-27,8590.89
ALC-001284,INV-001149,C022,2025-05-27,19098.47
ALC-001285,INV-001163,C049,2025-05-27,3233.66
ALC-001286,INV-001206,C023,2025-05-27,6266.98
ALC-001287,INV-001212,C035,2025-05-27,14210.87
ALC-001288,INV-001217,C057,2025-05-27,12400.00
ALC-001289,INV-001227,C031,2025-05-27,10429.21
ALC-001290,INV-001240,C027,2025-05-27,3877.58
ALC-001291,INV-001246,C027,2025-05-27,3078.43
ALC-001292,INV-001264,C013,2025-05-27,1167.93
ALC-001293,INV-001028,C002,2025-05-28,8228.65
ALC-001294,INV-001233,C027,2025-05-28,860.49
ALC-001295,INV-001244,C014,2025-05-28,3409.52
ALC-001296,INV-001139,C029,2025-05-29,3300.00
ALC-001297,INV-001258,C027,2025-05-29,9089.40
ALC-001298,INV-001051,C037,2025-05-30,14711.44
ALC-001299,INV-001107,C015,2025-05-30,15883.68
ALC-001300,INV-001207,C030,2025-05-30,16604.48
ALC-001301,INV-001215,C010,2025-05-30,11671.46
ALC-001302,INV-001221,C011,2025-05-30,36328.16
ALC-001303,INV-001245,C012,2025-05-30,5792.76
ALC-001304,INV-001088,C022,2025-06-02,6885.23
ALC-001305,INV-001104,C056,2025-06-02,5630.74
ALC-001306,INV-001152,C039,2025-06-02,925.56
ALC-001307,INV-001172,C022,2025-06-02,6351.73
ALC-001308,INV-001199,C009,2025-06-02,8834.61
ALC-001309,INV-001237,C057,2025-06-02,21109.81
ALC-001310,INV-001243,C027,2025-06-02,14200.00
ALC-001311,INV-001268,C019,2025-06-02,8971.31
ALC-001312,INV-001174,C029,2025-06-03,13521.57
ALC-001313,INV-001229,C027,2025-06-03,6843.84
ALC-001314,INV-001273,C012,2025-06-03,19305.01
ALC-001315,INV-001158,C049,2025-06-04,3768.22
ALC-001316,INV-001276,C019,2025-06-04,3450.48
ALC-001317,INV-001298,C028,2025-06-04,7149.69
ALC-001318,INV-001132,C004,2025-06-05,19012.37
ALC-001319,INV-001201,C041,2025-06-05,6161.28
ALC-001320,INV-001218,C027,2025-06-05,3025.29
ALC-001321,INV-001230,C060,2025-06-05,9330.17
ALC-001322,INV-001257,C011,2025-06-05,11064.44
ALC-001323,INV-001281,C057,2025-06-05,4366.61
ALC-001324,INV-001144,C060,2025-06-06,1456.63
ALC-001325,INV-001210,C037,2025-06-06,17222.92
ALC-001326,INV-001147,C015,2025-06-09,14240.18
ALC-001327,INV-001163,C049,2025-06-09,6811.84
ALC-001328,INV-001228,C027,2025-06-09,12890.81
ALC-001329,INV-001241,C030,2025-06-09,6900.00
ALC-001330,INV-001247,C028,2025-06-09,10888.04
ALC-001331,INV-001249,C030,2025-06-09,8434.42
ALC-001332,INV-001264,C013,2025-06-09,2238.82
ALC-001333,INV-001265,C025,2025-06-09,7775.09
ALC-001334,INV-001271,C010,2025-06-09,7982.67
ALC-001335,INV-001291,C013,2025-06-09,1302.74
ALC-001336,INV-001279,C019,2025-06-10,3794.52
ALC-001337,INV-001290,C027,2025-06-10,5200.00
ALC-001338,INV-001198,C015,2025-06-12,4324.69
ALC-001339,INV-001255,C008,2025-06-12,16556.74
ALC-001340,INV-001277,C031,2025-06-12,9818.84
ALC-001341,INV-001288,C013,2025-06-12,4700.00
ALC-001342,INV-001313,C052,2025-06-12,3755.88
ALC-001343,INV-001096,C036,2025-06-13,6683.99
ALC-001344,INV-001121,C001,2025-06-13,8174.20
ALC-001345,INV-001141,C037,2025-06-13,17206.86
ALC-001346,INV-001177,C022,2025-06-13,5900.00
ALC-001347,INV-001189,C031,2025-06-13,5459.79
ALC-001348,INV-001236,C055,2025-06-13,6616.80
ALC-001349,INV-001293,C057,2025-06-13,14955.61
ALC-001350,INV-001294,C013,2025-06-13,10334.42
ALC-001351,INV-001074,C024,2025-06-16,5430.29
ALC-001352,INV-001195,C036,2025-06-16,16288.54
ALC-001353,INV-001219,C025,2025-06-16,9937.49
ALC-001354,INV-001222,C055,2025-06-16,15500.00
ALC-001355,INV-001231,C040,2025-06-16,25452.04
ALC-001356,INV-001232,C028,2025-06-16,14743.44
ALC-001357,INV-001234,C001,2025-06-16,6188.04
ALC-001358,INV-001251,C038,2025-06-16,10140.46
ALC-001359,INV-001262,C026,2025-06-16,5588.43
ALC-001360,INV-001267,C030,2025-06-16,24080.50
ALC-001361,INV-001275,C027,2025-06-16,5430.05
ALC-001362,INV-001299,C026,2025-06-16,3379.58
ALC-001363,INV-001317,C011,2025-06-16,13641.39
ALC-001364,INV-001323,C021,2025-06-16,24737.33
ALC-001365,INV-001242,C030,2025-06-17,3819.88
ALC-001366,INV-001280,C045,2025-06-17,5960.11
ALC-001367,INV-001303,C013,2025-06-17,5032.89
ALC-001368,INV-000982,C053,2025-06-18,5346.95
ALC-001369,INV-001211,C016,2025-06-18,26020.49
ALC-001370,INV-001282,C011,2025-06-18,5559.87
ALC-001371,INV-001295,C032,2025-06-18,16008.65
ALC-001372,INV-001333,C031,2025-06-18,4179.75
ALC-001373,INV-001130,C013,2025-06-19,2518.80
ALC-001374,INV-001194,C006,2025-06-19,1576.10
ALC-001375,INV-001286,C054,2025-06-19,6197.09
ALC-001376,INV-001319,C031,2025-06-19,14300.00
ALC-001377,INV-001162,C015,2025-06-20,2439.73
ALC-001378,INV-001182,C022,2025-06-20,10775.86
ALC-001379,INV-001272,C008,2025-06-20,34800.00
ALC-001380,INV-001302,C061,2025-06-20,2689.57
ALC-001381,INV-001356,C052,2025-06-20,10557.44
ALC-001382,INV-001066,C013,2025-06-23,6401.95
ALC-001383,INV-001079,C024,2025-06-23,11804.17
ALC-001384,INV-001127,C033,2025-06-23,3963.68
ALC-001385,INV-001151,C060,2025-06-23,2694.28
ALC-001386,INV-001270,C022,2025-06-23,13948.45
ALC-001387,INV-001325,C009,2025-06-23,21300.00
ALC-001388,INV-001329,C013,2025-06-23,9558.69
ALC-001389,INV-001354,C013,2025-06-23,6200.00
ALC-001390,INV-001168,C015,2025-06-24,5600.00
ALC-001391,INV-001318,C030,2025-06-24,16271.62
ALC-001392,INV-001320,C057,2025-06-24,4181.81
ALC-001393,INV-001344,C031,2025-06-24,17645.28
ALC-001394,INV-001321,C045,2025-06-25,10751.53
ALC-001395,INV-001220,C044,2025-06-26,8691.73
ALC-001396,INV-001238,C017,2025-06-26,8669.56
ALC-001397,INV-001350,C013,2025-06-26,12100.00
ALC-001398,INV-001225,C015,2025-06-27,10754.79
ALC-001399,INV-000968,C015,2025-06-30,6150.86
ALC-001400,INV-001081,C039,2025-06-30,4458.75
ALC-001401,INV-001116,C033,2025-06-30,9099.68
ALC-001402,INV-001152,C039,2025-06-30,670.47
ALC-001403,INV-001214,C047,2025-06-30,13372.79
ALC-001404,INV-001223,C015,2025-06-30,7325.65
ALC-001405,INV-001226,C015,2025-06-30,1498.63
ALC-001406,INV-001259,C032,2025-06-30,7356.09
ALC-001407,INV-001287,C043,2025-06-30,10982.60
ALC-001408,INV-001297,C001,2025-06-30,5700.00
ALC-001409,INV-001300,C030,2025-06-30,5538.46
ALC-001410,INV-001328,C023,2025-06-30,14558.75
ALC-001411,INV-001337,C055,2025-06-30,10974.43
ALC-001412,INV-001340,C060,2025-06-30,12684.60
ALC-001413,INV-001379,C037,2025-06-30,3592.96
ALC-001414,INV-001261,C049,2025-07-01,31453.23
ALC-001415,INV-001338,C031,2025-07-01,7587.61
ALC-001416,INV-001107,C015,2025-07-02,9016.32
ALC-001417,INV-001306,C013,2025-07-02,13600.00
ALC-001418,INV-001361,C011,2025-07-02,2363.87
ALC-001419,INV-001381,C027,2025-07-02,6636.10
ALC-001420,INV-000926,C010,2025-07-03,8965.82
ALC-001421,INV-001122,C022,2025-07-03,12170.00
ALC-001422,INV-001180,C043,2025-07-03,35631.02
ALC-001423,INV-001239,C016,2025-07-03,8308.44
ALC-001424,INV-001263,C041,2025-07-03,27231.41
ALC-001425,INV-001346,C061,2025-07-03,5943.86
ALC-001426,INV-001347,C016,2025-07-03,12500.65
ALC-001427,INV-001175,C024,2025-07-04,16277.90
ALC-001428,INV-001314,C001,2025-07-04,27673.17
ALC-001429,INV-001405,C027,2025-07-04,15623.54
ALC-001430,INV-000982,C053,2025-07-07,3390.15
ALC-001431,INV-001256,C030,2025-07-07,6938.02
ALC-001432,INV-001304,C002,2025-07-07,6861.13
ALC-001433,INV-001307,C011,2025-07-07,4560.97
ALC-001434,INV-001357,C027,2025-07-07,16400.00
ALC-001435,INV-001363,C042,2025-07-07,4945.69
ALC-001436,INV-001382,C008,2025-07-07,13231.79
ALC-001437,INV-001384,C021,2025-07-07,12002.89
ALC-001438,INV-001395,C027,2025-07-07,9895.54
ALC-001439,INV-001400,C042,2025-07-07,8148.79
ALC-001440,INV-001402,C031,2025-07-07,2417.05
ALC-001441,INV-001417,C020,2025-07-07,8700.00
ALC-001442,INV-001145,C037,2025-07-08,3867.55
ALC-001443,INV-001164,C053,2025-07-08,8262.83
ALC-001444,INV-001368,C030,2025-07-08,18800.00
ALC-001445,INV-001334,C029,2025-07-09,9800.00
ALC-001446,INV-001342,C060,2025-07-09,3752.12
ALC-001447,INV-001385,C001,2025-07-09,3938.31
ALC-001448,INV-001433,C020,2025-07-09,14286.99
ALC-001449,INV-001209,C002,2025-07-11,10584.17
ALC-001450,INV-001269,C040,2025-07-11,8348.54
ALC-001451,INV-001283,C037,2025-07-11,4600.00
ALC-001452,INV-001315,C057,2025-07-11,38096.97
ALC-001453,INV-001316,C031,2025-07-11,6766.08
ALC-001454,INV-001374,C020,2025-07-11,6200.00
ALC-001455,INV-001380,C011,2025-07-11,21500.00
ALC-001456,INV-001383,C013,2025-07-11,11351.31
ALC-001457,INV-001414,C020,2025-07-11,10646.96
ALC-001458,INV-000969,C050,2025-07-14,9515.56
ALC-001459,INV-001201,C041,2025-07-14,8564.01
ALC-001460,INV-001224,C046,2025-07-14,10213.63
ALC-001461,INV-001284,C043,2025-07-14,3674.67
ALC-001462,INV-001285,C036,2025-07-14,16786.52
ALC-001463,INV-001289,C041,2025-07-14,8085.47
ALC-001464,INV-001291,C013,2025-07-14,2397.26
ALC-001465,INV-001292,C037,2025-07-14,18778.86
ALC-001466,INV-001309,C029,2025-07-14,8198.42
ALC-001467,INV-001330,C046,2025-07-14,4673.19
ALC-001468,INV-001339,C015,2025-07-14,787.70
ALC-001469,INV-001349,C036,2025-07-14,13176.12
ALC-001470,INV-001358,C062,2025-07-14,23588.22
ALC-001471,INV-001364,C011,2025-07-14,6326.83
ALC-001472,INV-001389,C034,2025-07-14,9612.26
ALC-001473,INV-001408,C050,2025-07-14,17979.77
ALC-001474,INV-001431,C031,2025-07-14,21176.22
ALC-001475,INV-001131,C024,2025-07-15,4159.74
ALC-001476,INV-001413,C064,2025-07-15,5710.34
ALC-001477,INV-001445,C008,2025-07-15,16091.24
ALC-001478,INV-001220,C044,2025-07-16,7157.23
ALC-001479,INV-001260,C015,2025-07-16,9958.11
ALC-001480,INV-001375,C030,2025-07-16,3357.67
ALC-001481,INV-001274,C011,2025-07-17,17026.78
ALC-001482,INV-001393,C048,2025-07-17,12116.04
ALC-001483,INV-001402,C031,2025-07-17,2082.95
ALC-001484,INV-001411,C025,2025-07-17,2926.39
ALC-001485,INV-001426,C034,2025-07-17,17940.37
ALC-001486,INV-001424,C014,2025-07-18,24900.00
ALC-001487,INV-001471,C050,2025-07-18,4300.00
ALC-001488,INV-000876,C036,2025-07-21,16680.12
ALC-001489,INV-001074,C024,2025-07-21,7969.71
ALC-001490,INV-001127,C033,2025-07-21,3293.02
ALC-001491,INV-001162,C015,2025-07-21,4112.86
ALC-001492,INV-001250,C002,2025-07-21,12943.35
ALC-001493,INV-001296,C038,2025-07-21,16916.54
ALC-001494,INV-001312,C037,2025-07-21,9067.33
ALC-001495,INV-001326,C029,2025-07-21,8437.01
ALC-001496,INV-001335,C041,2025-07-21,9981.97
ALC-001497,INV-001410,C064,2025-07-21,16999.48
ALC-001498,INV-001416,C013,2025-07-21,14600.00
ALC-001499,INV-001422,C018,2025-07-21,2463.52
ALC-001500,INV-001464,C027,2025-07-21,27259.76
ALC-001501,INV-001484,C012,2025-07-21,23971.43
ALC-001502,INV-001304,C002,2025-07-22,6118.37
ALC-001503,INV-001308,C045,2025-07-22,2173.90
ALC-001504,INV-001333,C031,2025-07-22,4317.22
ALC-001505,INV-001359,C029,2025-07-22,3982.24
ALC-001506,INV-001362,C023,2025-07-22,16264.98
ALC-001507,INV-001421,C031,2025-07-22,3574.00
ALC-001508,INV-001449,C008,2025-07-22,23641.60
ALC-001509,INV-001259,C032,2025-07-23,13743.91
ALC-001510,INV-001355,C038,2025-07-23,4342.16
ALC-001511,INV-001377,C011,2025-07-23,6155.81
ALC-001512,INV-001226,C015,2025-07-24,3269.82
ALC-001513,INV-001376,C060,2025-07-24,5400.00
ALC-001514,INV-001451,C064,2025-07-24,12853.54
ALC-001515,INV-001343,C032,2025-07-25,6700.00
ALC-001516,INV-001453,C020,2025-07-25,12397.27
ALC-001517,INV-001186,C053,2025-07-28,7634.01
ALC-001518,INV-001266,C047,2025-07-28,14499.31
ALC-001519,INV-001337,C055,2025-07-28,5803.64
ALC-001520,INV-001369,C029,2025-07-28,7570.41
ALC-001521,INV-001401,C061,2025-07-28,5532.03
ALC-001522,INV-001472,C010,2025-07-28,13897.01
ALC-001523,INV-001324,C015,2025-07-29,4300.00
ALC-001524,INV-001341,C037,2025-07-29,4589.37
ALC-001525,INV-001398,C041,2025-07-29,3389.72
ALC-001526,INV-001145,C037,2025-07-30,2939.11
ALC-001527,INV-001253,C053,2025-07-30,20370.64
ALC-001528,INV-001348,C015,2025-07-30,19680.85
ALC-001529,INV-001371,C004,2025-07-30,8149.42
ALC-001530,INV-001394,C062,2025-07-30,13564.02
ALC-001531,INV-001489,C031,2025-07-30,7795.95
ALC-001532,INV-001248,C024,2025-07-31,5200.00
ALC-001533,INV-001339,C015,2025-07-31,1780.46
ALC-001534,INV-001360,C041,2025-07-31,10773.35
ALC-001535,INV-001406,C057,2025-07-31,3634.15
ALC-001536,INV-001437,C057,2025-07-31,10453.76
ALC-001537,INV-001459,C035,2025-07-31,11124.23
ALC-001538,INV-001365,C041,2025-08-01,3700.00
ALC-001539,INV-001387,C010,2025-08-01,6797.12
ALC-001540,INV-001391,C030,2025-08-01,5200.00
ALC-001541,INV-001452,C066,2025-08-01,9000.00
ALC-001542,INV-001457,C018,2025-08-01,2089.66
ALC-001543,INV-001310,C047,2025-08-04,1633.07
ALC-001544,INV-001329,C013,2025-08-04,7050.57
ALC-001545,INV-001351,C053,2025-08-04,11069.16
ALC-001546,INV-001353,C041,2025-08-04,4632.37
ALC-001547,INV-001382,C008,2025-08-04,13696.94
ALC-001548,INV-001422,C018,2025-08-04,1436.48
ALC-001549,INV-001435,C010,2025-08-04,5700.00
ALC-001550,INV-001460,C031,2025-08-04,2971.01
ALC-001551,INV-001492,C064,2025-08-04,3744.29
ALC-001552,INV-001494,C031,2025-08-04,5114.18
ALC-001553,INV-001502,C013,2025-08-04,10638.33
ALC-001554,INV-001515,C031,2025-08-04,3475.07
ALC-001555,INV-001518,C027,2025-08-04,734.34
ALC-001556,INV-001372,C037,2025-08-05,3422.63
ALC-001557,INV-001463,C018,2025-08-05,12085.35
ALC-001558,INV-001465,C027,2025-08-05,9500.00
ALC-001559,INV-001477,C060,2025-08-05,6448.83
ALC-001560,INV-001388,C007,2025-08-06,16782.10
ALC-001561,INV-001446,C061,2025-08-06,3705.86
ALC-001562,INV-001462,C014,2025-08-06,19016.51
ALC-001563,INV-001496,C027,2025-08-06,8001.66
ALC-001564,INV-001355,C038,2025-08-07,2236.61
ALC-001565,INV-001311,C002,2025-08-08,9100.00
ALC-001566,INV-001347,C016,2025-08-08,5540.85
ALC-001567,INV-001384,C021,2025-08-08,11141.16
ALC-001568,INV-001448,C028,2025-08-08,16982.58
ALC-001569,INV-001461,C057,2025-08-08,10219.66
ALC-001570,INV-001278,C035,2025-08-11,2967.95
ALC-001571,INV-001296,C038,2025-08-11,15158.09
ALC-001572,INV-001305,C037,2025-08-11,21900.00
ALC-001573,INV-001327,C015,2025-08-11,4925.38
ALC-001574,INV-001370,C044,2025-08-11,7172.79
ALC-001575,INV-001398,C041,2025-08-11,2410.28
ALC-001576,INV-001399,C039,2025-08-11,1925.65
ALC-001577,INV-001407,C023,2025-08-11,2500.65
ALC-001578,INV-001412,C059,2025-08-11,4100.00
ALC-001579,INV-001430,C057,2025-08-11,3822.41
ALC-001580,INV-001434,C062,2025-08-11,13284.66
ALC-001581,INV-001485,C057,2025-08-11,14318.83
ALC-001582,INV-001486,C019,2025-08-11,6044.26
ALC-001583,INV-001487,C057,2025-08-11,5720.70
ALC-001584,INV-001491,C064,2025-08-11,4964.20
ALC-001585,INV-001501,C027,2025-08-11,6306.00
ALC-001586,INV-001522,C058,2025-08-11,35298.81
ALC-001587,INV-001523,C020,2025-08-11,12764.13
ALC-001588,INV-001397,C036,2025-08-12,2816.85
ALC-001589,INV-001438,C060,2025-08-12,4526.21
ALC-001590,INV-001345,C015,2025-08-13,8611.99
ALC-001591,INV-001404,C016,2025-08-13,16742.19
ALC-001592,INV-001468,C011,2025-08-13,7696.94
ALC-001593,INV-001470,C001,2025-08-13,6383.05
ALC-001594,INV-001444,C062,2025-08-14,3769.03
ALC-001595,INV-001457,C018,2025-08-14,3257.73
ALC-001596,INV-001498,C030,2025-08-14,25551.66
ALC-001597,INV-001515,C031,2025-08-14,2004.73
ALC-001598,INV-001131,C024,2025-08-15,8773.62
ALC-001599,INV-001418,C043,2025-08-15,7350.77
ALC-001600,INV-001480,C021,2025-08-15,13300.00
ALC-001601,INV-001543,C064,2025-08-15,6485.10
ALC-001602,INV-001301,C016,2025-08-18,6396.30
ALC-001603,INV-001332,C046,2025-08-18,1261.95
ALC-001604,INV-001352,C006,2025-08-18,2399.01
ALC-001605,INV-001367,C029,2025-08-18,7973.97
ALC-001606,INV-001392,C047,2025-08-18,16017.62
ALC-001607,INV-001428,C016,2025-08-18,12589.45
ALC-001608,INV-001458,C028,2025-08-18,11589.11
ALC-001609,INV-001474,C011,2025-08-18,3078.58
ALC-001610,INV-001481,C030,2025-08-18,12957.72
ALC-001611,INV-001488,C030,2025-08-18,2510.08
ALC-001612,INV-001504,C060,2025-08-18,10859.08
ALC-001613,INV-001513,C010,2025-08-18,1411.10
ALC-001614,INV-001518,C027,2025-08-18,1034.09
ALC-001615,INV-001539,C027,2025-08-18,12768.62
ALC-001616,INV-001546,C013,2025-08-18,6099.26
ALC-001617,INV-001460,C031,2025-08-19,6784.01
ALC-001618,INV-001483,C032,2025-08-19,7078.58
ALC-001619,INV-001520,C066,2025-08-19,10532.11
ALC-001620,INV-001526,C064,2025-08-19,11575.95
ALC-001621,INV-001386,C055,2025-08-20,1690.76
ALC-001622,INV-001419,C033,2025-08-20,12234.22
ALC-001623,INV-001447,C041,2025-08-20,6500.00
ALC-001624,INV-001511,C030,2025-08-20,3251.40
ALC-001625,INV-001524,C066,2025-08-20,13372.21
ALC-001626,INV-001536,C023,2025-08-20,16818.22
ALC-001627,INV-001393,C048,2025-08-21,13885.79
ALC-001628,INV-001411,C025,2025-08-21,6310.01
ALC-001629,INV-001440,C036,2025-08-21,7923.44
ALC-001630,INV-001552,C013,2025-08-21,7004.90
ALC-001631,INV-001521,C011,2025-08-22,8231.17
ALC-001632,INV-001557,C010,2025-08-22,14200.00
ALC-001633,INV-001366,C056,2025-08-26,1463.59
ALC-001634,INV-001373,C053,2025-08-26,14376.60
ALC-001635,INV-001420,C036,2025-08-26,9900.00
ALC-001636,INV-001455,C011,2025-08-26,2907.84
ALC-001637,INV-001478,C041,2025-08-26,4444.71
ALC-001638,INV-001510,C057,2025-08-26,29000.00
ALC-001639,INV-001525,C061,2025-08-26,9556.76
ALC-001640,INV-001540,C008,2025-08-26,7010.87
ALC-001641,INV-001542,C009,2025-08-26,3748.20
ALC-001642,INV-001579,C067,2025-08-26,26697.38
ALC-001643,INV-001491,C064,2025-08-27,3812.01
ALC-001644,INV-001541,C020,2025-08-27,14351.25
ALC-001645,INV-001554,C058,2025-08-27,5084.13
ALC-001646,INV-001562,C031,2025-08-27,10774.33
ALC-001647,INV-001517,C029,2025-08-28,5556.77
ALC-001648,INV-001574,C067,2025-08-28,8057.86
ALC-001649,INV-001254,C053,2025-08-29,10653.54
ALC-001650,INV-001409,C031,2025-08-29,14518.99
ALC-001651,INV-001507,C028,2025-08-29,7971.66
ALC-001652,INV-001534,C025,2025-08-29,11600.00
ALC-001653,INV-000973,C001,2025-09-01,13100.00
ALC-001654,INV-001396,C003,2025-09-01,7700.47
ALC-001655,INV-001427,C043,2025-09-01,3554.09
ALC-001656,INV-001499,C041,2025-09-01,5300.00
ALC-001657,INV-001516,C030,2025-09-01,5000.00
ALC-001658,INV-001549,C038,2025-09-01,13965.90
ALC-001659,INV-001581,C013,2025-09-01,4100.18
ALC-001660,INV-001436,C049,2025-09-02,12512.74
ALC-001661,INV-001594,C064,2025-09-02,2736.65
ALC-001662,INV-001600,C042,2025-09-02,6600.00
ALC-001663,INV-001621,C057,2025-09-02,4800.00
ALC-001664,INV-001454,C036,2025-09-03,4674.35
ALC-001665,INV-001482,C034,2025-09-03,5076.58
ALC-001666,INV-001505,C015,2025-09-03,5901.20
ALC-001667,INV-001530,C062,2025-09-03,5353.16
ALC-001668,INV-001567,C062,2025-09-03,10668.36
ALC-001669,INV-001186,C053,2025-09-04,9542.64
ALC-001670,INV-001514,C041,2025-09-04,10054.50
ALC-001671,INV-001566,C062,2025-09-04,9375.28
ALC-001672,INV-001605,C064,2025-09-04,1451.25
ALC-001673,INV-001456,C047,2025-09-05,21300.00
ALC-001674,INV-001495,C007,2025-09-05,9378.06
ALC-001675,INV-001538,C060,2025-09-05,12116.63
ALC-001676,INV-001425,C003,2025-09-08,4414.69
ALC-001677,INV-001429,C031,2025-09-08,5456.33
ALC-001678,INV-001443,C043,2025-09-08,9000.07
ALC-001679,INV-001444,C062,2025-09-08,4807.44
ALC-001680,INV-001467,C015,2025-09-08,17897.47
ALC-001681,INV-001479,C041,2025-09-08,5937.86
ALC-001682,INV-001513,C010,2025-09-08,1970.83
ALC-001683,INV-001545,C054,2025-09-08,7106.47
ALC-001684,INV-001571,C011,2025-09-08,8832.89
ALC-001685,INV-001598,C064,2025-09-08,8100.00
ALC-001686,INV-001603,C064,2025-09-08,12071.60
ALC-001687,INV-001614,C042,2025-09-08,33012.01
ALC-001688,INV-001310,C047,2025-09-09,892.22
ALC-001689,INV-001442,C015,2025-09-10,35243.30
ALC-001690,INV-001609,C021,2025-09-10,32783.16
ALC-001691,INV-001627,C064,2025-09-11,2160.62
ALC-001692,INV-001403,C037,2025-09-12,38639.23
ALC-001693,INV-001519,C054,2025-09-12,1544.52
ALC-001694,INV-001533,C011,2025-09-12,9298.13
ALC-001695,INV-001556,C011,2025-09-12,16143.97
ALC-001696,INV-001578,C055,2025-09-12,2705.57
ALC-001697,INV-001580,C057,2025-09-12,6361.22
ALC-001698,INV-001386,C055,2025-09-15,909.24
ALC-001699,INV-001415,C024,2025-09-15,20973.89
ALC-001700,INV-001423,C047,2025-09-15,13018.11
ALC-001701,INV-001508,C061,2025-09-15,17030.52
ALC-001702,INV-001532,C041,2025-09-15,18258.99
ALC-001703,INV-001551,C048,2025-09-15,8297.32
ALC-001704,INV-001553,C001,2025-09-15,12849.30
ALC-001705,INV-001559,C030,2025-09-15,4995.30
ALC-001706,INV-001588,C010,2025-09-15,2388.44
ALC-001707,INV-001613,C063,2025-09-15,5148.05
ALC-001708,INV-001631,C013,2025-09-15,1296.49
ALC-001709,INV-001535,C029,2025-09-16,24288.59
ALC-001710,INV-001548,C059,2025-09-16,3702.42
ALC-001711,INV-001577,C015,2025-09-16,5736.22
ALC-001712,INV-001378,C024,2025-09-17,10125.89
ALC-001713,INV-001390,C024,2025-09-17,13944.71
ALC-001714,INV-001528,C057,2025-09-17,6648.61
ALC-001715,INV-001547,C051,2025-09-17,22400.00
ALC-001716,INV-001584,C030,2025-09-17,4064.11
ALC-001717,INV-001611,C045,2025-09-17,2625.67
ALC-001718,INV-001629,C063,2025-09-17,6306.60
ALC-001719,INV-001428,C016,2025-09-18,9267.87
ALC-001720,INV-001506,C015,2025-09-18,13190.11
ALC-001721,INV-001542,C009,2025-09-18,3898.51
ALC-001722,INV-001493,C002,2025-09-19,27690.74
ALC-001723,INV-001427,C043,2025-09-22,7372.25
ALC-001724,INV-001476,C015,2025-09-22,18608.54
ALC-001725,INV-001500,C043,2025-09-22,7644.88
ALC-001726,INV-001511,C030,2025-09-22,2268.67
ALC-001727,INV-001537,C064,2025-09-22,11224.19
ALC-001728,INV-001560,C043,2025-09-22,7231.21
ALC-001729,INV-001561,C041,2025-09-22,4400.12
ALC-001730,INV-001587,C030,2025-09-22,1054.32
ALC-001731,INV-001589,C030,2025-09-22,11500.00
ALC-001732,INV-001663,C064,2025-09-23,10222.56
ALC-001733,INV-001616,C061,2025-09-24,2499.05
ALC-001734,INV-001474,C011,2025-09-25,4646.85
ALC-001735,INV-001529,C047,2025-09-25,5531.38
ALC-001736,INV-001593,C062,2025-09-25,12739.85
ALC-001737,INV-001596,C016,2025-09-25,15447.86
ALC-001738,INV-001632,C067,2025-09-25,6296.55
ALC-001739,INV-001585,C017,2025-09-26,18373.63
ALC-001740,INV-001604,C057,2025-09-26,8187.51
ALC-001741,INV-001651,C034,2025-09-26,1970.16
ALC-001742,INV-001572,C038,2025-09-29,11399.67
ALC-001743,INV-001573,C022,2025-09-29,4320.49
ALC-001744,INV-001612,C052,2025-09-29,14683.45
ALC-001745,INV-001617,C030,2025-09-29,12238.79
ALC-001746,INV-001618,C057,2025-09-29,5795.34
ALC-001747,INV-001630,C062,2025-09-29,4629.47
ALC-001748,INV-001643,C019,2025-09-29,13712.90
ALC-001749,INV-001644,C020,2025-09-29,8200.00
ALC-001750,INV-001653,C020,2025-09-29,20000.00
ALC-001751,INV-001675,C008,2025-09-29,5108.75
ALC-001752,INV-001439,C065,2025-09-30,7700.00
ALC-001753,INV-001576,C049,2025-09-30,3200.00
ALC-001754,INV-001652,C061,2025-10-01,18090.08
ALC-001755,INV-001684,C063,2025-10-01,6533.58
ALC-001756,INV-001216,C030,2025-10-02,14255.31
ALC-001757,INV-001569,C060,2025-10-02,17858.03
ALC-001758,INV-001595,C042,2025-10-02,18868.78
ALC-001759,INV-001686,C018,2025-10-02,25192.70
ALC-001760,INV-001716,C019,2025-10-02,2270.21
ALC-001761,INV-001469,C036,2025-10-03,3509.27
ALC-001762,INV-001509,C022,2025-10-03,11640.80
ALC-001763,INV-001564,C015,2025-10-03,7338.47
ALC-001764,INV-001582,C041,2025-10-03,4975.74
ALC-001765,INV-001682,C031,2025-10-03,5963.44
ALC-001766,INV-001701,C042,2025-10-03,5603.16
ALC-001767,INV-001703,C042,2025-10-03,2800.00
ALC-001768,INV-001707,C012,2025-10-03,8566.91
ALC-001769,INV-001450,C024,2025-10-06,19900.00
ALC-001770,INV-001490,C038,2025-10-06,8488.03
ALC-001771,INV-001503,C065,2025-10-06,5241.36
ALC-001772,INV-001512,C022,2025-10-06,12138.65
ALC-001773,INV-001550,C036,2025-10-06,18035.84
ALC-001774,INV-001584,C030,2025-10-06,3999.92
ALC-001775,INV-001607,C060,2025-10-06,16996.56
ALC-001776,INV-001638,C010,2025-10-06,4879.15
ALC-001777,INV-001650,C030,2025-10-06,6977.87
ALC-001778,INV-001658,C011,2025-10-06,6393.30
ALC-001779,INV-001694,C042,2025-10-06,9936.43
ALC-001780,INV-001740,C013,2025-10-06,20218.05
ALC-001781,INV-001756,C042,2025-10-06,9047.65
ALC-001782,INV-001634,C009,2025-10-07,17558.85
ALC-001783,INV-001636,C057,2025-10-07,13976.60
ALC-001784,INV-001454,C036,2025-10-08,6772.58
ALC-001785,INV-001527,C047,2025-10-08,23015.66
ALC-001786,INV-001555,C015,2025-10-08,24700.87
ALC-001787,INV-001668,C027,2025-10-08,2053.86
ALC-001788,INV-001689,C064,2025-10-08,6600.00
ALC-001789,INV-001699,C034,2025-10-08,10370.90
ALC-001790,INV-001702,C027,2025-10-08,7523.14
ALC-001791,INV-001712,C031,2025-10-08,8106.10
ALC-001792,INV-001568,C022,2025-10-09,11800.00
ALC-001793,INV-001570,C038,2025-10-09,10245.86
ALC-001794,INV-001575,C029,2025-10-09,15046.54
ALC-001795,INV-001252,C038,2025-10-10,30547.87
ALC-001796,INV-001608,C046,2025-10-10,6305.25
ALC-001797,INV-001648,C023,2025-10-10,7100.00
ALC-001798,INV-001691,C020,2025-10-10,22508.58
ALC-001799,INV-001706,C064,2025-10-10,4824.88
ALC-001800,INV-001717,C013,2025-10-10,10368.38
ALC-001801,INV-001593,C062,2025-10-13,7303.39
ALC-001802,INV-001641,C045,2025-10-13,8467.85
ALC-001803,INV-001645,C011,2025-10-13,6579.60
ALC-001804,INV-001711,C012,2025-10-13,39049.25
ALC-001805,INV-001760,C031,2025-10-13,22261.91
ALC-001806,INV-001647,C010,2025-10-14,27546.87
ALC-001807,INV-001656,C010,2025-10-14,4104.87
ALC-001808,INV-001688,C057,2025-10-14,3514.27
ALC-001809,INV-001720,C013,2025-10-14,11899.16
ALC-001810,INV-001657,C062,2025-10-15,3300.00
ALC-001811,INV-001677,C030,2025-10-15,6299.65
ALC-001812,INV-001714,C058,2025-10-15,11621.16
ALC-001813,INV-001725,C013,2025-10-15,6676.48
ALC-001814,INV-001766,C061,2025-10-15,2637.72
ALC-001815,INV-001548,C059,2025-10-16,3832.68
ALC-001816,INV-001556,C011,2025-10-16,7460.71
ALC-001817,INV-001700,C057,2025-10-16,6125.45
ALC-001818,INV-001771,C066,2025-10-16,4778.60
ALC-001819,INV-001633,C041,2025-10-17,4695.10
ALC-001820,INV-001672,C025,2025-10-17,30310.77
ALC-001821,INV-001752,C027,2025-10-17,9962.28
ALC-001822,INV-001597,C016,2025-10-20,27602.57
ALC-001823,INV-001602,C022,2025-10-20,4200.00
ALC-001824,INV-001628,C002,2025-10-20,8390.34
ALC-001825,INV-001631,C013,2025-10-20,2512.44
ALC-001826,INV-001651,C034,2025-10-20,4271.95
ALC-001827,INV-001664,C039,2025-10-20,1342.35
ALC-001828,INV-001674,C030,2025-10-20,3677.33
ALC-001829,INV-001675,C008,2025-10-20,2776.70
ALC-001830,INV-001722,C062,2025-10-20,7752.02
ALC-001831,INV-001727,C001,2025-10-20,7350.13
ALC-001832,INV-001754,C019,2025-10-20,5844.16
ALC-001833,INV-001767,C010,2025-10-20,24187.00
ALC-001834,INV-001792,C032,2025-10-20,13000.00
ALC-001835,INV-001797,C013,2025-10-20,8352.14
ALC-001836,INV-001814,C031,2025-10-20,33151.49
ALC-001837,INV-001565,C024,2025-10-21,27410.29
ALC-001838,INV-001610,C051,2025-10-21,9231.11
ALC-001839,INV-001662,C001,2025-10-21,9801.14
ALC-001840,INV-001697,C057,2025-10-21,5380.61
ALC-001841,INV-001753,C050,2025-10-21,12609.40
ALC-001842,INV-001587,C030,2025-10-22,1653.26
ALC-001843,INV-001591,C047,2025-10-22,8225.41
ALC-001844,INV-001615,C044,2025-10-22,17223.68
ALC-001845,INV-001676,C029,2025-10-22,2849.44
ALC-001846,INV-001681,C027,2025-10-22,3088.37
ALC-001847,INV-001701,C042,2025-10-22,10091.00
ALC-001848,INV-001779,C031,2025-10-22,5064.68
ALC-001849,INV-001788,C014,2025-10-22,5590.73
ALC-001850,INV-001790,C011,2025-10-22,1852.61
ALC-001851,INV-001795,C012,2025-10-22,5400.59
ALC-001852,INV-001661,C030,2025-10-23,2593.94
ALC-001853,INV-001665,C041,2025-10-23,20898.68
ALC-001854,INV-001708,C030,2025-10-23,5466.98
ALC-001855,INV-001709,C057,2025-10-23,3675.96
ALC-001856,INV-001704,C062,2025-10-24,17771.37
ALC-001857,INV-001768,C061,2025-10-24,3265.85
ALC-001858,INV-001781,C014,2025-10-24,15833.98
ALC-001859,INV-001793,C018,2025-10-24,3500.00
ALC-001860,INV-001473,C036,2025-10-27,26689.70
ALC-001861,INV-001626,C002,2025-10-27,11737.84
ALC-001862,INV-001640,C017,2025-10-27,31948.71
ALC-001863,INV-001654,C038,2025-10-27,6551.34
ALC-001864,INV-001667,C043,2025-10-27,6696.01
ALC-001865,INV-001679,C062,2025-10-27,5718.55
ALC-001866,INV-001713,C011,2025-10-27,9410.44
ALC-001867,INV-001716,C019,2025-10-27,1380.57
ALC-001868,INV-001721,C011,2025-10-27,8100.00
ALC-001869,INV-001751,C045,2025-10-27,3673.83
ALC-001870,INV-001755,C042,2025-10-27,7897.30
ALC-001871,INV-001759,C064,2025-10-27,6617.93
ALC-001872,INV-001787,C064,2025-10-27,4255.18
ALC-001873,INV-001817,C031,2025-10-27,6437.71
ALC-001874,INV-001820,C019,2025-10-27,13257.34
ALC-001875,INV-001734,C061,2025-10-28,3148.13
ALC-001876,INV-001742,C009,2025-10-28,5850.45
ALC-001877,INV-001777,C031,2025-10-28,3810.14
ALC-001878,INV-001798,C061,2025-10-28,6983.89
ALC-001879,INV-001599,C047,2025-10-29,17734.98
ALC-001880,INV-001601,C015,2025-10-29,7458.14
ALC-001881,INV-001735,C028,2025-10-30,18975.85
ALC-001882,INV-001789,C042,2025-10-30,10881.91
ALC-001883,INV-001804,C042,2025-10-30,3765.63
ALC-001884,INV-001818,C013,2025-10-30,3484.22
ALC-001885,INV-001619,C053,2025-10-31,9800.00
ALC-001886,INV-001698,C015,2025-10-31,2180.78
ALC-001887,INV-001783,C027,2025-10-31,20497.10
ALC-001888,INV-001815,C057,2025-10-31,8974.48
ALC-001889,INV-001592,C065,2025-11-03,12493.94
ALC-001890,INV-001606,C047,2025-11-03,19492.82
ALC-001891,INV-001680,C017,2025-11-03,14813.30
ALC-001892,INV-001718,C001,2025-11-03,995.07
ALC-001893,INV-001741,C030,2025-11-03,10829.25
ALC-001894,INV-001744,C065,2025-11-03,8789.12
ALC-001895,INV-001745,C041,2025-11-03,5800.00
ALC-001896,INV-001746,C041,2025-11-03,4510.11
ALC-001897,INV-001813,C014,2025-11-03,5987.36
ALC-001898,INV-001821,C058,2025-11-03,5524.04
ALC-001899,INV-001824,C064,2025-11-03,11096.70
ALC-001900,INV-001827,C011,2025-11-03,4689.14
ALC-001901,INV-001833,C027,2025-11-03,18205.62
ALC-001902,INV-001851,C013,2025-11-03,5455.09
ALC-001903,INV-001622,C050,2025-11-04,12097.60
ALC-001904,INV-001763,C061,2025-11-04,1732.79
ALC-001905,INV-001766,C061,2025-11-04,1514.84
ALC-001906,INV-001805,C011,2025-11-04,9129.01
ALC-001907,INV-001834,C027,2025-11-04,5797.08
ALC-001908,INV-001835,C010,2025-11-04,3531.00
ALC-001909,INV-001873,C023,2025-11-04,17043.80
ALC-001910,INV-001604,C057,2025-11-05,7074.22
ALC-001911,INV-001678,C011,2025-11-05,4541.12
ALC-001912,INV-001693,C003,2025-11-05,11300.00
ALC-001913,INV-001828,C064,2025-11-05,12470.39
ALC-001914,INV-001842,C042,2025-11-05,13681.25
ALC-001915,INV-001705,C022,2025-11-06,3600.00
ALC-001916,INV-001719,C011,2025-11-06,38863.13
ALC-001917,INV-001739,C011,2025-11-06,24900.00
ALC-001918,INV-001784,C023,2025-11-06,15519.05
ALC-001919,INV-001800,C062,2025-11-06,9371.48
ALC-001920,INV-001829,C027,2025-11-06,10600.00
ALC-001921,INV-001844,C052,2025-11-06,3850.04
ALC-001922,INV-001670,C041,2025-11-07,18549.11
ALC-001923,INV-001730,C004,2025-11-07,14200.00
ALC-001924,INV-001757,C055,2025-11-07,16874.05
ALC-001925,INV-001765,C001,2025-11-07,10446.76
ALC-001926,INV-001845,C031,2025-11-07,8804.46
ALC-001927,INV-001666,C022,2025-11-10,12409.60
ALC-001928,INV-001709,C057,2025-11-10,1841.90
ALC-001929,INV-001725,C013,2025-11-10,5612.35
ALC-001930,INV-001773,C010,2025-11-10,7200.00
ALC-001931,INV-001811,C030,2025-11-10,7900.00
ALC-001932,INV-001830,C025,2025-11-10,5106.98
ALC-001933,INV-001850,C008,2025-11-10,15243.53
ALC-001934,INV-001853,C013,2025-11-10,8123.40
ALC-001935,INV-001856,C064,2025-11-10,1965.70
ALC-001936,INV-001857,C031,2025-11-10,3981.61
ALC-001937,INV-001870,C013,2025-11-10,3213.87
ALC-001938,INV-001490,C038,2025-11-11,9475.53
ALC-001939,INV-001497,C041,2025-11-11,5113.40
ALC-001940,INV-001623,C065,2025-11-11,8351.77
ALC-001941,INV-001637,C015,2025-11-11,1532.49
ALC-001942,INV-001659,C038,2025-11-11,10776.21
ALC-001943,INV-001723,C041,2025-11-11,4872.08
ALC-001944,INV-001728,C007,2025-11-11,8505.71
ALC-001945,INV-001660,C002,2025-11-12,10159.91
ALC-001946,INV-001667,C043,2025-11-12,8977.16
ALC-001947,INV-001786,C061,2025-11-12,5903.38
ALC-001948,INV-001822,C023,2025-11-12,18216.69
ALC-001949,INV-001563,C065,2025-11-13,3856.69
ALC-001950,INV-001794,C030,2025-11-13,8097.99
ALC-001951,INV-001871,C027,2025-11-13,11678.61
ALC-001952,INV-001646,C036,2025-11-14,6079.75
ALC-001953,INV-001649,C043,2025-11-14,9376.95
ALC-001954,INV-001710,C047,2025-11-14,30356.15
ALC-001955,INV-001718,C001,2025-11-14,1490.43
ALC-001956,INV-001726,C022,2025-11-14,7300.00
ALC-001957,INV-001747,C041,2025-11-14,8692.42
ALC-001958,INV-001801,C030,2025-11-14,3275.55
ALC-001959,INV-001810,C030,2025-11-14,5022.67
ALC-001960,INV-001863,C013,2025-11-14,13667.18
ALC-001961,INV-001432,C038,2025-11-17,2929.22
ALC-001962,INV-001696,C003,2025-11-17,2830.15
ALC-001963,INV-001733,C029,2025-11-17,20700.00
ALC-001964,INV-001748,C029,2025-11-17,2665.28
ALC-001965,INV-001749,C047,2025-11-17,6292.07
ALC-001966,INV-001758,C029,2025-11-17,2225.71
ALC-001967,INV-001770,C010,2025-11-17,10670.10
ALC-001968,INV-001771,C066,2025-11-17,10607.44
ALC-001969,INV-001777,C031,2025-11-17,5558.79
ALC-001970,INV-001778,C041,2025-11-17,5916.16
ALC-001971,INV-001790,C011,2025-11-17,3047.39
ALC-001972,INV-001796,C011,2025-11-17,17681.87
ALC-001973,INV-001859,C027,2025-11-17,8200.00
ALC-001974,INV-001867,C031,2025-11-17,10350.40
ALC-001975,INV-001872,C027,2025-11-17,3745.91
ALC-001976,INV-001888,C013,2025-11-17,21465.69
ALC-001977,INV-001671,C038,2025-11-18,15337.11
ALC-001978,INV-001687,C022,2025-11-18,19058.91
ALC-001979,INV-001690,C047,2025-11-18,5387.97
ALC-001980,INV-001715,C036,2025-11-18,17330.24
ALC-001981,INV-001858,C020,2025-11-18,38427.16
ALC-001982,INV-001868,C031,2025-11-18,6915.34
ALC-001983,INV-001761,C022,2025-11-19,6769.48
ALC-001984,INV-001774,C002,2025-11-19,13268.42
ALC-001985,INV-001802,C010,2025-11-19,22564.33
ALC-001986,INV-001911,C031,2025-11-19,5013.71
ALC-001987,INV-001692,C015,2025-11-20,3973.05
ALC-001988,INV-001785,C004,2025-11-20,19125.72
ALC-001989,INV-001876,C020,2025-11-20,13638.84
ALC-001990,INV-001838,C062,2025-11-21,2069.25
ALC-001991,INV-001695,C033,2025-11-24,1200.89
ALC-001992,INV-001737,C003,2025-11-24,6992.17
ALC-001993,INV-001738,C024,2025-11-24,5611.68
ALC-001994,INV-001836,C045,2025-11-24,2796.26
ALC-001995,INV-001843,C011,2025-11-24,2533.37
ALC-001996,INV-001860,C048,2025-11-24,11074.04
ALC-001997,INV-001875,C019,2025-11-24,30041.41
ALC-001998,INV-001886,C064,2025-11-24,7770.71
ALC-001999,INV-001895,C018,2025-11-24,1722.69
ALC-002000,INV-001907,C057,2025-11-24,5429.51
ALC-002001,INV-001927,C013,2025-11-24,4688.68
ALC-002002,INV-001887,C025,2025-11-25,30135.23
ALC-002003,INV-001904,C031,2025-11-25,5538.96
ALC-002004,INV-001906,C027,2025-11-25,2222.68
ALC-002005,INV-001926,C019,2025-11-25,2605.80
ALC-002006,INV-001940,C008,2025-11-25,15163.94
ALC-002007,INV-001475,C005,2025-11-26,8209.78
ALC-002008,INV-001674,C030,2025-11-26,2873.12
ALC-002009,INV-001685,C028,2025-11-26,13252.39
ALC-002010,INV-001801,C030,2025-11-26,4796.61
ALC-002011,INV-001825,C017,2025-11-26,6200.00
ALC-002012,INV-001882,C048,2025-11-26,12064.74
ALC-002013,INV-001466,C061,2025-11-27,9002.80
ALC-002014,INV-001620,C005,2025-11-27,3576.42
ALC-002015,INV-001772,C047,2025-11-27,1483.31
ALC-002016,INV-001809,C029,2025-11-27,12682.63
ALC-002017,INV-001921,C050,2025-11-27,7969.03
ALC-002018,INV-001925,C034,2025-11-27,14484.34
ALC-002019,INV-001932,C045,2025-11-27,24858.59
ALC-002020,INV-001855,C010,2025-11-28,1634.78
ALC-002021,INV-001901,C031,2025-11-28,4000.00
ALC-002022,INV-001586,C065,2025-12-01,5348.08
ALC-002023,INV-001624,C053,2025-12-01,13060.30
ALC-002024,INV-001673,C022,2025-12-01,15156.51
ALC-002025,INV-001729,C065,2025-12-01,8421.58
ALC-002026,INV-001736,C022,2025-12-01,5137.05
ALC-002027,INV-001832,C015,2025-12-01,11238.51
ALC-002028,INV-001837,C047,2025-12-01,11226.59
ALC-002029,INV-001849,C010,2025-12-01,8079.76
ALC-002030,INV-001864,C054,2025-12-01,8604.52
ALC-002031,INV-001877,C025,2025-12-01,12098.63
ALC-002032,INV-001883,C062,2025-12-01,8786.17
ALC-002033,INV-001892,C031,2025-12-01,2931.42
ALC-002034,INV-001929,C019,2025-12-01,7251.69
ALC-002035,INV-001931,C067,2025-12-01,3767.54
ALC-002036,INV-001963,C064,2025-12-01,12645.64
ALC-002037,INV-001764,C033,2025-12-02,3200.00
ALC-002038,INV-001941,C013,2025-12-02,2343.88
ALC-002039,INV-001942,C013,2025-12-02,9738.39
ALC-002040,INV-001961,C064,2025-12-02,11641.75
ALC-002041,INV-001866,C030,2025-12-03,3495.84
ALC-002042,INV-001903,C008,2025-12-03,10662.25
ALC-002043,INV-001905,C030,2025-12-03,2610.53
ALC-002044,INV-001960,C031,2025-12-03,8325.15
ALC-002045,INV-001974,C027,2025-12-03,14789.01
ALC-002046,INV-001847,C061,2025-12-04,12600.00
ALC-002047,INV-001872,C027,2025-12-04,3454.09
ALC-002048,INV-001890,C062,2025-12-04,7014.54
ALC-002049,INV-001933,C018,2025-12-04,12400.00
ALC-002050,INV-001957,C001,2025-12-04,4186.33
ALC-002051,INV-001743,C010,2025-12-05,4897.76
ALC-002052,INV-001845,C031,2025-12-05,3863.84
ALC-002053,INV-001936,C042,2025-12-05,6352.17
ALC-002054,INV-001732,C015,2025-12-08,7117.98
ALC-002055,INV-001840,C047,2025-12-08,21800.00
ALC-002056,INV-001848,C041,2025-12-08,11700.00
ALC-002057,INV-001891,C057,2025-12-08,741.24
ALC-002058,INV-001895,C018,2025-12-08,3086.19
ALC-002059,INV-001896,C060,2025-12-08,15696.13
ALC-002060,INV-001918,C067,2025-12-08,7818.01
ALC-002061,INV-001937,C010,2025-12-08,9029.79
ALC-002062,INV-001948,C011,2025-12-08,4608.89
ALC-002063,INV-001950,C067,2025-12-08,14300.00
ALC-002064,INV-001964,C067,2025-12-08,6740.06
ALC-002065,INV-001806,C062,2025-12-09,3600.00
ALC-002066,INV-001862,C043,2025-12-09,17138.73
ALC-002067,INV-001970,C031,2025-12-09,6741.77
ALC-002068,INV-001978,C042,2025-12-09,10367.82
ALC-002069,INV-001731,C047,2025-12-10,4000.00
ALC-002070,INV-001775,C015,2025-12-10,11145.78
ALC-002071,INV-001894,C061,2025-12-10,14379.73
ALC-002072,INV-001994,C064,2025-12-10,7500.00
ALC-002073,INV-001669,C065,2025-12-11,14235.01
ALC-002074,INV-001880,C011,2025-12-11,11922.57
ALC-002075,INV-001955,C027,2025-12-11,3607.22
ALC-002076,INV-001971,C021,2025-12-11,4735.58
ALC-002077,INV-001979,C018,2025-12-11,6052.55
ALC-002078,INV-002016,C067,2025-12-11,26139.65
ALC-002079,INV-002034,C042,2025-12-11,1860.99
ALC-002080,INV-001635,C053,2025-12-12,13700.00
ALC-002081,INV-001819,C039,2025-12-12,1570.41
ALC-002082,INV-002001,C020,2025-12-12,10794.67
ALC-002083,INV-002015,C013,2025-12-12,1300.00
ALC-002084,INV-002047,C013,2025-12-12,9607.21
ALC-002085,INV-001322,C002,2025-12-15,6569.08
ALC-002086,INV-001728,C007,2025-12-15,12278.86
ALC-002087,INV-001769,C038,2025-12-15,6900.00
ALC-002088,INV-001841,C015,2025-12-15,3292.98
ALC-002089,INV-001878,C036,2025-12-15,5204.72
ALC-002090,INV-001958,C023,2025-12-15,18916.56
ALC-002091,INV-001959,C061,2025-12-15,3057.66
ALC-002092,INV-002008,C031,2025-12-15,8431.95
ALC-002093,INV-002048,C067,2025-12-15,5176.60
ALC-002094,INV-001695,C033,2025-12-16,599.11
ALC-002095,INV-001782,C043,2025-12-16,7700.00
ALC-002096,INV-001906,C027,2025-12-16,1000.95
ALC-002097,INV-001956,C042,2025-12-16,9500.00
ALC-002098,INV-002022,C063,2025-12-16,39357.46
ALC-002099,INV-002031,C010,2025-12-16,18598.44
ALC-002100,INV-001683,C051,2025-12-17,18000.00
ALC-002101,INV-001807,C015,2025-12-17,10357.98
ALC-002102,INV-001935,C030,2025-12-17,5900.37
ALC-002103,INV-001983,C009,2025-12-17,20844.14
ALC-002104,INV-002004,C011,2025-12-17,5708.00
ALC-002105,INV-002005,C064,2025-12-17,3371.37
ALC-002106,INV-001812,C015,2025-12-18,6965.38
ALC-002107,INV-001869,C017,2025-12-18,8300.24
ALC-002108,INV-001987,C030,2025-12-18,12800.00
ALC-002109,INV-001999,C032,2025-12-18,24492.01
ALC-002110,INV-002032,C027,2025-12-18,3963.49
ALC-002111,INV-001750,C031,2025-12-19,33984.57
ALC-002112,INV-001909,C061,2025-12-19,3263.24
ALC-002113,INV-001912,C041,2025-12-19,3000.00
ALC-002114,INV-001943,C030,2025-12-19,2745.97
ALC-002115,INV-002012,C064,2025-12-19,28400.00
ALC-002116,INV-002024,C057,2025-12-19,36286.78
ALC-002117,INV-002029,C057,2025-12-19,13322.23
ALC-002118,INV-001531,C053,2025-12-22,33390.63
ALC-002119,INV-001639,C041,2025-12-22,1826.41
ALC-002120,INV-001642,C053,2025-12-22,19491.76
ALC-002121,INV-001762,C056,2025-12-22,2758.96
ALC-002122,INV-001786,C061,2025-12-22,7397.60
ALC-002123,INV-001893,C011,2025-12-22,7941.10
ALC-002124,INV-001914,C032,2025-12-22,9000.00
ALC-002125,INV-001915,C066,2025-12-22,5470.09
ALC-002126,INV-001918,C067,2025-12-22,3839.49
ALC-002127,INV-001921,C050,2025-12-22,13672.06
ALC-002128,INV-001947,C010,2025-12-22,15207.41
ALC-002129,INV-001952,C048,2025-12-22,30281.43
ALC-002130,INV-001989,C018,2025-12-22,14400.00
ALC-002131,INV-001998,C054,2025-12-22,8431.93
ALC-002132,INV-002002,C042,2025-12-22,19437.30
ALC-002133,INV-002018,C061,2025-12-22,4193.90
ALC-002134,INV-002020,C064,2025-12-22,7795.98
ALC-002135,INV-002036,C019,2025-12-22,7813.10
ALC-002136,INV-002054,C027,2025-12-22,5386.36
ALC-002137,INV-001855,C010,2025-12-23,2601.14
ALC-002138,INV-001908,C041,2025-12-23,4625.28
ALC-002139,INV-001926,C019,2025-12-23,3880.37
ALC-002140,INV-002046,C012,2025-12-23,5866.97
ALC-002141,INV-001854,C002,2025-12-24,6238.19
ALC-002142,INV-002034,C042,2025-12-24,3636.90
ALC-002143,INV-002053,C031,2025-12-24,13876.59
ALC-002144,INV-002072,C042,2025-12-24,12293.56
ALC-002145,INV-001583,C061,2025-12-29,1600.00
ALC-002146,INV-001696,C003,2025-12-29,3769.85
ALC-002147,INV-001780,C044,2025-12-29,10119.09
ALC-002148,INV-001823,C038,2025-12-29,4171.66
ALC-002149,INV-001852,C046,2025-12-29,3362.07
ALC-002150,INV-001876,C020,2025-12-29,5905.68
ALC-002151,INV-001879,C006,2025-12-29,839.80
ALC-002152,INV-001884,C033,2025-12-29,27310.41
ALC-002153,INV-001897,C056,2025-12-29,4534.74
ALC-002154,INV-001910,C017,2025-12-29,5610.06
ALC-002155,INV-001919,C002,2025-12-29,33394.35
ALC-002156,INV-001966,C041,2025-12-29,9888.90
ALC-002157,INV-001984,C057,2025-12-29,10248.43
ALC-002158,INV-001988,C062,2025-12-29,9233.48
ALC-002159,INV-002007,C040,2025-12-29,6104.18
ALC-002160,INV-002009,C011,2025-12-29,7633.74
ALC-002161,INV-002010,C011,2025-12-29,24054.56
ALC-002162,INV-002028,C019,2025-12-29,33816.36
ALC-002163,INV-002037,C020,2025-12-29,8907.82
ALC-002164,INV-002038,C027,2025-12-29,9408.66
ALC-002165,INV-002067,C064,2025-12-29,18487.63
ALC-002166,INV-002073,C027,2025-12-29,11744.04
ALC-002167,INV-001922,C041,2025-12-30,4993.71
ALC-002168,INV-002005,C064,2025-12-30,1728.63
ALC-002169,INV-002013,C030,2025-12-30,2372.26
ALC-002170,INV-001831,C015,2025-12-31,2306.72
ALC-002171,INV-001951,C041,2025-12-31,4025.93
ALC-002172,INV-002079,C063,2025-12-31,3732.09
ALC-002173,INV-002092,C064,2025-12-31,3196.82
ALC-002174,INV-001803,C060,2026-01-02,10072.61
ALC-002175,INV-001934,C027,2026-01-02,6634.12
ALC-002176,INV-001946,C015,2026-01-02,7335.26
ALC-002177,INV-001955,C027,2026-01-02,1592.78
ALC-002178,INV-001965,C041,2026-01-02,15200.00
ALC-002179,INV-001981,C019,2026-01-02,11805.93
ALC-002180,INV-002033,C062,2026-01-02,6169.32
ALC-002181,INV-002039,C062,2026-01-02,9697.96
ALC-002182,INV-002084,C019,2026-01-02,13365.71
ALC-002183,INV-002098,C013,2026-01-02,22801.10
ALC-002184,INV-001772,C047,2026-01-05,2664.80
ALC-002185,INV-001945,C047,2026-01-05,2677.90
ALC-002186,INV-001973,C043,2026-01-05,12222.67
ALC-002187,INV-001977,C028,2026-01-05,3460.48
ALC-002188,INV-001995,C013,2026-01-05,5542.92
ALC-002189,INV-002001,C020,2026-01-05,19400.86
ALC-002190,INV-002011,C061,2026-01-05,15366.23
ALC-002191,INV-002019,C062,2026-01-05,9067.53
ALC-002192,INV-002047,C013,2026-01-05,19006.89
ALC-002193,INV-002049,C030,2026-01-05,2344.69
ALC-002194,INV-002059,C032,2026-01-05,7643.00
ALC-002195,INV-002070,C064,2026-01-05,6181.79
ALC-002196,INV-002023,C001,2026-01-06,6641.52
ALC-002197,INV-002026,C061,2026-01-06,4460.12
ALC-002198,INV-002075,C013,2026-01-06,6356.47
ALC-002199,INV-001861,C046,2026-01-07,2433.80
ALC-002200,INV-001899,C015,2026-01-07,3721.48
ALC-002201,INV-001916,C036,2026-01-07,4930.52
ALC-002202,INV-001969,C016,2026-01-07,22185.90
ALC-002203,INV-001990,C017,2026-01-07,13902.47
ALC-002204,INV-002061,C001,2026-01-07,5915.75
ALC-002205,INV-002094,C042,2026-01-07,21241.08
ALC-002206,INV-002105,C034,2026-01-07,12580.85
ALC-002207,INV-001839,C041,2026-01-08,17861.28
ALC-002208,INV-002081,C027,2026-01-08,15860.92
ALC-002209,INV-002088,C008,2026-01-08,14016.12
ALC-002210,INV-002101,C064,2026-01-08,1326.04
ALC-002211,INV-001625,C059,2026-01-09,485.65
ALC-002212,INV-001826,C015,2026-01-09,2700.00
ALC-002213,INV-001959,C061,2026-01-09,6542.34
ALC-002214,INV-001982,C041,2026-01-09,3387.52
ALC-002215,INV-001986,C041,2026-01-09,11000.00
ALC-002216,INV-002041,C007,2026-01-09,5056.85
ALC-002217,INV-001590,C037,2026-01-12,8581.17
ALC-002218,INV-001808,C024,2026-01-12,7151.99
ALC-002219,INV-001862,C043,2026-01-12,8189.81
ALC-002220,INV-001877,C025,2026-01-12,17894.08
ALC-002221,INV-001879,C006,2026-01-12,904.89
ALC-002222,INV-001985,C060,2026-01-12,10444.33
ALC-002223,INV-002063,C032,2026-01-12,4355.15
ALC-002224,INV-002085,C011,2026-01-12,2141.01
ALC-002225,INV-002089,C008,2026-01-12,7759.06
ALC-002226,INV-002099,C020,2026-01-12,1723.98
ALC-002227,INV-001930,C003,2026-01-13,13300.00
ALC-002228,INV-001968,C047,2026-01-13,4977.93
ALC-002229,INV-002042,C047,2026-01-13,32100.00
ALC-002230,INV-002096,C027,2026-01-13,16600.00
ALC-002231,INV-002111,C013,2026-01-13,14810.51
ALC-002232,INV-001724,C053,2026-01-14,12662.94
ALC-002233,INV-002087,C022,2026-01-14,17842.41
ALC-002234,INV-001776,C024,2026-01-15,17035.69
ALC-002235,INV-001935,C030,2026-01-15,3196.99
ALC-002236,INV-002045,C001,2026-01-15,8706.00
ALC-002237,INV-002078,C023,2026-01-15,2853.21
ALC-002238,INV-001846,C030,2026-01-16,8900.00
ALC-002239,INV-001913,C005,2026-01-16,20192.12
ALC-002240,INV-001943,C030,2026-01-16,1811.90
ALC-002241,INV-001954,C004,2026-01-16,28845.78
ALC-002242,INV-002090,C057,2026-01-16,3653.31
ALC-002243,INV-002103,C027,2026-01-16,1339.12
ALC-002244,INV-001331,C048,2026-01-19,8000.00
ALC-002245,INV-001865,C036,2026-01-19,10753.63
ALC-002246,INV-001891,C057,2026-01-19,655.79
ALC-002247,INV-001920,C044,2026-01-19,3285.29
ALC-002248,INV-001991,C016,2026-01-19,21410.23
ALC-002249,INV-002014,C029,2026-01-19,29582.56
ALC-002250,INV-002043,C061,2026-01-19,3810.40
ALC-002251,INV-002044,C010,2026-01-19,10368.01
ALC-002252,INV-002057,C011,2026-01-19,23427.69
ALC-002253,INV-002076,C035,2026-01-19,15476.75
ALC-002254,INV-002113,C014,2026-01-19,20585.08
ALC-002255,INV-001939,C004,2026-01-20,12800.00
ALC-002256,INV-002068,C029,2026-01-20,6464.84
ALC-002257,INV-002021,C041,2026-01-21,1385.73
ALC-002258,INV-002091,C011,2026-01-21,4930.80
ALC-002259,INV-001441,C041,2026-01-22,13500.00
ALC-002260,INV-002013,C030,2026-01-22,4857.11
ALC-002261,INV-002095,C061,2026-01-22,19866.91
ALC-002262,INV-002107,C013,2026-01-22,13400.00
ALC-002263,INV-002131,C032,2026-01-22,5861.47
ALC-002264,INV-001852,C046,2026-01-23,1737.93
ALC-002265,INV-002106,C027,2026-01-23,3500.00
ALC-002266,INV-001972,C060,2026-01-26,6061.24
ALC-002267,INV-002003,C051,2026-01-26,6500.00
ALC-002268,INV-002019,C062,2026-01-26,9932.47
ALC-002269,INV-002027,C011,2026-01-26,3272.18
ALC-002270,INV-002085,C011,2026-01-26,4470.68
ALC-002271,INV-002120,C050,2026-01-26,2855.77
ALC-002272,INV-002123,C054,2026-01-26,11172.95
ALC-002273,INV-002134,C014,2026-01-26,14972.34
ALC-002274,INV-002080,C023,2026-01-27,22741.77
ALC-002275,INV-002121,C055,2026-01-27,35351.49
ALC-002276,INV-001976,C069,2026-01-28,9923.24
ALC-002277,INV-002132,C027,2026-01-28,2583.11
ALC-002278,INV-001902,C037,2026-01-29,7227.95
ALC-002279,INV-001923,C038,2026-01-29,22638.19
ALC-002280,INV-001980,C047,2026-01-29,17055.92
ALC-002281,INV-002090,C057,2026-01-29,1946.69
ALC-002282,INV-001898,C024,2026-01-30,15291.19
ALC-002283,INV-001917,C038,2026-01-30,22634.40
ALC-002284,INV-002069,C006,2026-01-30,987.67
ALC-002285,INV-002099,C020,2026-01-30,1119.57
ALC-002286,INV-002118,C030,2026-01-30,9366.76
ALC-002287,INV-002119,C042,2026-01-30,3585.55
ALC-002288,INV-002137,C027,2026-01-30,7133.60
ALC-002289,INV-002149,C027,2026-01-30,3372.32
ALC-002290,INV-002150,C012,2026-01-30,6800.00
ALC-002291,INV-001816,C068,2026-02-02,9800.00
ALC-002292,INV-001993,C059,2026-02-02,10614.76
ALC-002293,INV-002030,C059,2026-02-02,1400.00
ALC-002294,INV-002052,C069,2026-02-02,16109.00
ALC-002295,INV-002055,C030,2026-02-02,10100.00
ALC-002296,INV-002062,C038,2026-02-02,4296.17
ALC-002297,INV-002066,C036,2026-02-02,3285.04
ALC-002298,INV-002071,C011,2026-02-02,8840.29
ALC-002299,INV-002086,C041,2026-02-02,3727.08
ALC-002300,INV-002110,C011,2026-02-02,2556.21
ALC-002301,INV-002122,C020,2026-02-02,9356.37
ALC-002302,INV-002138,C021,2026-02-02,6400.00
ALC-002303,INV-001881,C053,2026-02-03,11097.23
ALC-002304,INV-002159,C021,2026-02-03,13742.85
ALC-002305,INV-002068,C029,2026-02-04,8428.30
ALC-002306,INV-002104,C038,2026-02-04,15290.09
ALC-002307,INV-002160,C061,2026-02-04,21559.24
ALC-002308,INV-002193,C057,2026-02-04,11329.17
ALC-002309,INV-001938,C038,2026-02-05,11258.09
ALC-002310,INV-002035,C015,2026-02-05,11738.17
ALC-002311,INV-002142,C020,2026-02-05,6191.68
ALC-002312,INV-002006,C016,2026-02-06,4196.45
ALC-002313,INV-002154,C061,2026-02-06,5523.33
ALC-002314,INV-002195,C031,2026-02-06,8861.12
ALC-002315,INV-002058,C004,2026-02-09,3985.28
ALC-002316,INV-002078,C023,2026-02-09,1836.01
ALC-002317,INV-002092,C064,2026-02-09,1786.75
ALC-002318,INV-002162,C013,2026-02-09,6285.82
ALC-002319,INV-002167,C010,2026-02-09,1857.67
ALC-002320,INV-001949,C032,2026-02-10,7359.74
ALC-002321,INV-002070,C064,2026-02-10,5699.49
ALC-002322,INV-002102,C029,2026-02-10,7588.96
ALC-002323,INV-002169,C020,2026-02-10,5346.59
ALC-002324,INV-002187,C064,2026-02-10,2251.37
ALC-002325,INV-002190,C008,2026-02-10,17552.48
ALC-002326,INV-001874,C064,2026-02-11,7263.41
ALC-002327,INV-002147,C061,2026-02-11,11063.48
ALC-002328,INV-002171,C010,2026-02-11,14465.23
ALC-002329,INV-002192,C060,2026-02-11,21455.30
ALC-002330,INV-001977,C028,2026-02-12,4902.61
ALC-002331,INV-002060,C015,2026-02-12,6489.21
ALC-002332,INV-002074,C017,2026-02-12,2934.92
ALC-002333,INV-002188,C027,2026-02-12,11300.00
ALC-002334,INV-002189,C019,2026-02-12,12041.88
ALC-002335,INV-001928,C068,2026-02-13,23968.31
ALC-002336,INV-001968,C047,2026-02-13,4022.07
ALC-002337,INV-002198,C008,2026-02-13,4100.00
ALC-002338,INV-002199,C020,2026-02-13,19047.12
ALC-002339,INV-002203,C027,2026-02-13,5166.46
ALC-002340,INV-001791,C037,2026-02-16,11193.35
ALC-002341,INV-001962,C024,2026-02-16,12267.04
ALC-002342,INV-001997,C051,2026-02-16,3111.53
ALC-002343,INV-002064,C046,2026-02-16,9099.84
ALC-002344,INV-002082,C056,2026-02-16,1907.18
ALC-002345,INV-002114,C041,2026-02-16,5863.04
ALC-002346,INV-002128,C022,2026-02-16,11880.24
ALC-002347,INV-002153,C030,2026-02-16,4500.00
ALC-002348,INV-002201,C013,2026-02-16,10128.28
ALC-002349,INV-002220,C042,2026-02-16,2884.28
ALC-002350,INV-002017,C053,2026-02-17,20900.00
ALC-002351,INV-002144,C061,2026-02-17,7099.85
ALC-002352,INV-002110,C011,2026-02-18,2257.14
ALC-002353,INV-002158,C004,2026-02-18,15300.00
ALC-002354,INV-002194,C064,2026-02-18,5929.07
ALC-002355,INV-002209,C020,2026-02-18,26906.38
ALC-002356,INV-002100,C015,2026-02-19,22930.56
ALC-002357,INV-002108,C015,2026-02-19,15641.26
ALC-002358,INV-001924,C057,2026-02-20,3123.48
ALC-002359,INV-001975,C036,2026-02-20,35300.00
ALC-002360,INV-002040,C047,2026-02-20,23695.47
ALC-002361,INV-002125,C041,2026-02-20,3311.83
ALC-002362,INV-002146,C010,2026-02-20,2938.85
ALC-002363,INV-002216,C020,2026-02-20,14900.00
ALC-002364,INV-001900,C053,2026-02-23,11282.85
ALC-002365,INV-002140,C062,2026-02-23,5779.02
ALC-002366,INV-002143,C057,2026-02-23,10298.13
ALC-002367,INV-002178,C048,2026-02-23,13065.22
ALC-002368,INV-002179,C029,2026-02-23,2585.67
ALC-002369,INV-002205,C013,2026-02-23,4358.18
ALC-002370,INV-002211,C042,2026-02-23,3100.00
ALC-002371,INV-002214,C027,2026-02-23,3980.86
ALC-002372,INV-002215,C064,2026-02-23,6422.72
ALC-002373,INV-002236,C014,2026-02-23,14160.37
ALC-002374,INV-002239,C013,2026-02-23,19449.02
ALC-002375,INV-002270,C031,2026-02-23,5800.00
ALC-002376,INV-001885,C037,2026-02-24,14781.11
ALC-002377,INV-002074,C017,2026-02-24,5987.12
ALC-002378,INV-002133,C069,2026-02-24,9788.47
ALC-002379,INV-002191,C028,2026-02-24,16935.21
ALC-002380,INV-002210,C027,2026-02-24,3449.21
ALC-002381,INV-002231,C012,2026-02-24,13460.27
ALC-002382,INV-002257,C067,2026-02-24,4042.12
ALC-002383,INV-002130,C041,2026-02-25,6402.47
ALC-002384,INV-002155,C055,2026-02-25,13641.86
ALC-002385,INV-002219,C011,2026-02-25,7800.00
ALC-002386,INV-002256,C027,2026-02-25,10804.01
ALC-002387,INV-001920,C044,2026-02-26,3514.71
ALC-002388,INV-002115,C007,2026-02-26,2720.44
ALC-002389,INV-002141,C032,2026-02-26,15666.53
ALC-002390,INV-002276,C064,2026-02-26,8364.27
ALC-002391,INV-002069,C006,2026-02-27,1917.22
ALC-002392,INV-002196,C004,2026-02-27,15902.17
ALC-002393,INV-002254,C034,2026-02-27,7194.66
ALC-002394,INV-002051,C043,2026-03-02,11447.17
ALC-002395,INV-002077,C037,2026-03-02,3659.31
ALC-002396,INV-002086,C041,2026-03-02,1804.32
ALC-002397,INV-002124,C029,2026-03-02,8733.14
ALC-002398,INV-002142,C020,2026-03-02,6853.16
ALC-002399,INV-002151,C029,2026-03-02,23700.00
ALC-002400,INV-002180,C057,2026-03-02,19353.07
ALC-002401,INV-002186,C062,2026-03-02,4228.61
ALC-002402,INV-002204,C010,2026-03-02,18100.00
ALC-002403,INV-002221,C011,2026-03-02,5104.47
ALC-002404,INV-002232,C040,2026-03-02,2900.00
ALC-002405,INV-002250,C031,2026-03-02,8258.22
ALC-002406,INV-002255,C064,2026-03-02,9370.42
ALC-002407,INV-002271,C013,2026-03-02,13227.14
ALC-002408,INV-002291,C013,2026-03-02,5823.33
ALC-002409,INV-002293,C019,2026-03-02,8668.62
ALC-002410,INV-002083,C022,2026-03-03,4425.66
ALC-002411,INV-002176,C029,2026-03-03,11875.79
ALC-002412,INV-002233,C042,2026-03-03,2107.25
ALC-002413,INV-002244,C057,2026-03-03,17566.80
ALC-002414,INV-002247,C021,2026-03-03,22428.85
ALC-002415,INV-002298,C027,2026-03-03,9726.16
ALC-002416,INV-002058,C004,2026-03-04,3685.74
ALC-002417,INV-002065,C041,2026-03-04,6867.44
ALC-002418,INV-001336,C037,2026-03-05,3416.89
ALC-002419,INV-001889,C068,2026-03-05,6400.00
ALC-002420,INV-002139,C036,2026-03-05,1125.04
ALC-002421,INV-002262,C023,2026-03-05,4700.00
ALC-002422,INV-002311,C031,2026-03-05,10894.63
ALC-002423,INV-002097,C031,2026-03-06,6256.43
ALC-002424,INV-002304,C027,2026-03-06,13096.52
ALC-002425,INV-002066,C036,2026-03-09,5814.96
ALC-002426,INV-002093,C053,2026-03-09,11258.28
ALC-002427,INV-002112,C022,2026-03-09,7028.24
ALC-002428,INV-002156,C022,2026-03-09,2774.35
ALC-002429,INV-002162,C013,2026-03-09,4297.24
ALC-002430,INV-002164,C041,2026-03-09,10772.03
ALC-002431,INV-002187,C064,2026-03-09,3403.99
ALC-002432,INV-002199,C020,2026-03-09,12871.46
ALC-002433,INV-002251,C061,2026-03-09,13829.46
ALC-002434,INV-002300,C027,2026-03-09,8265.69
ALC-002435,INV-002303,C013,2026-03-09,5421.78
ALC-002436,INV-002321,C064,2026-03-09,9053.92
ALC-002437,INV-001799,C037,2026-03-10,7881.75
ALC-002438,INV-001962,C024,2026-03-10,12313.16
ALC-002439,INV-002056,C024,2026-03-10,1280.81
ALC-002440,INV-002140,C062,2026-03-10,5743.32
ALC-002441,INV-002197,C054,2026-03-10,9987.95
ALC-002442,INV-002220,C042,2026-03-10,1626.43
ALC-002443,INV-002282,C011,2026-03-10,2408.10
ALC-002444,INV-002299,C019,2026-03-10,4306.49
ALC-002445,INV-002324,C042,2026-03-10,5683.02
ALC-002446,INV-002202,C041,2026-03-11,7067.80
ALC-002447,INV-002212,C062,2026-03-11,5804.11
ALC-002448,INV-002281,C034,2026-03-11,11140.09
ALC-002449,INV-002296,C013,2026-03-11,19800.00
ALC-002450,INV-002241,C062,2026-03-12,16502.26
ALC-002451,INV-002141,C032,2026-03-13,8171.28
ALC-002452,INV-002252,C061,2026-03-13,7390.92
ALC-002453,INV-002108,C015,2026-03-16,8767.06
ALC-002454,INV-002127,C015,2026-03-16,3164.75
ALC-002455,INV-002183,C033,2026-03-16,4250.88
ALC-002456,INV-002184,C041,2026-03-16,4001.79
ALC-002457,INV-002186,C062,2026-03-16,4935.60
ALC-002458,INV-002217,C057,2026-03-16,5483.61
ALC-002459,INV-002224,C030,2026-03-16,6373.04
ALC-002460,INV-002230,C011,2026-03-16,7129.29
ALC-002461,INV-002245,C028,2026-03-16,18593.76
ALC-002462,INV-002274,C042,2026-03-16,19700.00
ALC-002463,INV-002286,C057,2026-03-16,9231.93
ALC-002464,INV-002312,C013,2026-03-16,7119.48
ALC-002465,INV-002315,C034,2026-03-16,8737.74
ALC-002466,INV-001967,C005,2026-03-17,14343.51
ALC-002467,INV-002249,C048,2026-03-17,6080.72
ALC-002468,INV-002292,C055,2026-03-17,4375.25
ALC-002469,INV-002225,C001,2026-03-18,12636.09
ALC-002470,INV-002226,C010,2026-03-18,8138.19
ALC-002471,INV-002246,C006,2026-03-18,12000.00
ALC-002472,INV-002308,C018,2026-03-18,13862.38
ALC-002473,INV-002267,C011,2026-03-19,4160.04
ALC-002474,INV-002343,C031,2026-03-19,1666.21
ALC-002475,INV-001992,C002,2026-03-20,4812.54
ALC-002476,INV-002266,C035,2026-03-20,14826.20
ALC-002477,INV-002064,C046,2026-03-23,6596.13
ALC-002478,INV-002145,C015,2026-03-23,7886.70
ALC-002479,INV-002146,C010,2026-03-23,3862.17
ALC-002480,INV-002161,C022,2026-03-23,3042.61
ALC-002481,INV-002163,C029,2026-03-23,15126.05
ALC-002482,INV-002173,C015,2026-03-23,7040.01
ALC-002483,INV-002213,C010,2026-03-23,23854.67
ALC-002484,INV-002228,C026,2026-03-23,1861.53
ALC-002485,INV-002263,C030,2026-03-23,3100.00
ALC-002486,INV-002287,C006,2026-03-23,2255.94
ALC-002487,INV-002328,C014,2026-03-23,31771.88
ALC-002488,INV-002329,C013,2026-03-23,13531.91
ALC-002489,INV-002332,C013,2026-03-23,9047.45
ALC-002490,INV-002336,C013,2026-03-23,4458.64
ALC-002491,INV-002352,C019,2026-03-23,9342.87
ALC-002492,INV-002265,C062,2026-03-24,3972.42
ALC-002493,INV-002272,C010,2026-03-24,12551.29
ALC-002494,INV-002301,C010,2026-03-24,2219.07
ALC-002495,INV-002392,C027,2026-03-25,34087.04
ALC-002496,INV-002135,C069,2026-03-26,14315.49
ALC-002497,INV-002168,C038,2026-03-26,9784.03
ALC-002498,INV-002207,C061,2026-03-26,10798.73
ALC-002499,INV-002229,C044,2026-03-26,18452.62
ALC-002500,INV-002258,C057,2026-03-26,2981.34
ALC-002501,INV-002268,C041,2026-03-26,3601.59
ALC-002502,INV-002178,C048,2026-03-27,11931.55
ALC-002503,INV-002208,C057,2026-03-27,2700.00
ALC-002504,INV-002288,C030,2026-03-27,4443.25
ALC-002505,INV-002302,C032,2026-03-27,7759.56
ALC-002506,INV-002327,C020,2026-03-27,7800.00
ALC-002507,INV-002355,C028,2026-03-27,2865.53
ALC-002508,INV-002357,C013,2026-03-27,32037.38
ALC-002509,INV-002366,C027,2026-03-27,11330.32
ALC-002510,INV-002152,C004,2026-03-30,10394.85
ALC-002511,INV-002157,C036,2026-03-30,2638.50
ALC-002512,INV-002170,C041,2026-03-30,4586.62
ALC-002513,INV-002264,C041,2026-03-30,10298.52
ALC-002514,INV-002283,C029,2026-03-30,22025.51
ALC-002515,INV-002295,C027,2026-03-30,14212.66
ALC-002516,INV-002362,C021,2026-03-30,3662.55
ALC-002517,INV-002377,C031,2026-03-30,16279.20
ALC-002518,INV-002388,C012,2026-03-30,6664.97
ALC-002519,INV-002206,C031,2026-03-31,10751.13
ALC-002520,INV-002306,C010,2026-03-31,7917.60
ALC-002521,INV-002365,C057,2026-03-31,7111.28
ALC-002522,INV-002380,C031,2026-03-31,11061.21
ALC-002523,INV-002382,C027,2026-03-31,7300.00
ALC-002524,INV-002405,C031,2026-03-31,13801.36
ALC-002525,INV-002174,C022,2026-04-01,9400.00
ALC-002526,INV-002218,C017,2026-04-01,9039.13
ALC-002527,INV-002240,C015,2026-04-01,16100.00
ALC-002528,INV-002221,C011,2026-04-02,3395.53
ALC-002529,INV-002277,C041,2026-04-02,3807.43
ALC-002530,INV-002353,C014,2026-04-02,6241.93
ALC-002531,INV-002166,C047,2026-04-07,19982.29
ALC-002532,INV-002223,C029,2026-04-07,2898.34
ALC-002533,INV-002238,C051,2026-04-07,11776.28
ALC-002534,INV-002259,C046,2026-04-07,5988.77
ALC-002535,INV-002260,C043,2026-04-07,6034.11
ALC-002536,INV-002261,C043,2026-04-07,16345.44
ALC-002537,INV-002275,C039,2026-04-07,1863.22
ALC-002538,INV-002282,C011,2026-04-07,1356.82
ALC-002539,INV-002292,C055,2026-04-07,1946.53
ALC-002540,INV-002300,C027,2026-04-07,16488.08
ALC-002541,INV-002309,C041,2026-04-07,6941.92
ALC-002542,INV-002316,C009,2026-04-07,6407.74
ALC-002543,INV-002356,C061,2026-04-07,15893.34
ALC-002544,INV-002361,C030,2026-04-07,6055.35
ALC-002545,INV-002373,C057,2026-04-07,5438.72
ALC-002546,INV-002378,C032,2026-04-07,8479.21
ALC-002547,INV-002387,C013,2026-04-07,18691.72
ALC-002548,INV-002396,C020,2026-04-07,10671.70
ALC-002549,INV-002428,C063,2026-04-07,1683.60
ALC-002550,INV-001953,C037,2026-04-08,10755.64
ALC-002551,INV-002237,C015,2026-04-08,4331.20
ALC-002552,INV-002347,C061,2026-04-08,33632.72
ALC-002553,INV-002175,C036,2026-04-09,16596.71
ALC-002554,INV-002235,C038,2026-04-09,9973.78
ALC-002555,INV-002345,C061,2026-04-09,15069.76
ALC-002556,INV-002363,C036,2026-04-09,38141.76
ALC-002557,INV-002447,C013,2026-04-09,7900.00
ALC-002558,INV-002273,C046,2026-04-10,16487.73
ALC-002559,INV-002397,C019,2026-04-10,17106.78
ALC-002560,INV-002455,C067,2026-04-10,5515.07
ALC-002561,INV-002157,C036,2026-04-13,1242.56
ALC-002562,INV-002182,C023,2026-04-13,3100.00
ALC-002563,INV-002253,C015,2026-04-13,25017.95
ALC-002564,INV-002330,C038,2026-04-13,7514.17
ALC-002565,INV-002341,C029,2026-04-13,14280.44
ALC-002566,INV-002349,C041,2026-04-13,19000.00
ALC-002567,INV-002369,C023,2026-04-13,13249.49
ALC-002568,INV-002370,C062,2026-04-13,20203.82
ALC-002569,INV-002379,C026,2026-04-13,7518.34
ALC-002570,INV-002401,C020,2026-04-13,8986.60
ALC-002571,INV-002406,C028,2026-04-13,10333.05
ALC-002572,INV-002422,C042,2026-04-13,37617.37
ALC-002573,INV-002429,C064,2026-04-13,13770.85
ALC-002574,INV-002438,C042,2026-04-13,2342.23
ALC-002575,INV-002177,C001,2026-04-14,9828.81
ALC-002576,INV-002318,C033,2026-04-14,6466.00
ALC-002577,INV-002344,C062,2026-04-14,4634.58
ALC-002578,INV-002368,C062,2026-04-14,31626.30
ALC-002579,INV-002416,C019,2026-04-14,9662.80
ALC-002580,INV-002417,C031,2026-04-14,5795.11
ALC-002581,INV-002423,C031,2026-04-14,9891.16
ALC-002582,INV-002430,C011,2026-04-14,12539.07
ALC-002583,INV-002450,C027,2026-04-14,3697.56
ALC-002584,INV-002458,C027,2026-04-14,5129.17
ALC-002585,INV-002338,C017,2026-04-15,10649.91
ALC-002586,INV-002346,C023,2026-04-15,12751.55
ALC-002587,INV-002360,C061,2026-04-15,4255.74
ALC-002588,INV-002222,C022,2026-04-16,6686.33
ALC-002589,INV-002289,C017,2026-04-16,17196.60
ALC-002590,INV-002350,C062,2026-04-16,5788.25
ALC-002591,INV-002408,C057,2026-04-16,1603.75
ALC-002592,INV-002449,C031,2026-04-16,5947.81
ALC-002593,INV-002461,C010,2026-04-16,3663.64
ALC-002594,INV-002492,C008,2026-04-16,8050.47
ALC-002595,INV-002275,C039,2026-04-17,3185.68
ALC-002596,INV-002348,C011,2026-04-17,420.98
ALC-002597,INV-002136,C030,2026-04-20,9271.73
ALC-002598,INV-002290,C062,2026-04-20,4852.10
ALC-002599,INV-002294,C015,2026-04-20,7600.00
ALC-002600,INV-002320,C041,2026-04-20,3514.52
ALC-002601,INV-002326,C022,2026-04-20,7406.55
ALC-002602,INV-002386,C010,2026-04-20,8343.19
ALC-002603,INV-002390,C022,2026-04-20,3331.02
ALC-002604,INV-002409,C010,2026-04-20,7251.33
ALC-002605,INV-002413,C062,2026-04-20,2968.68
ALC-002606,INV-002420,C013,2026-04-20,10623.79
ALC-002607,INV-002434,C067,2026-04-20,7825.59
ALC-002608,INV-002436,C010,2026-04-20,1180.13
ALC-002609,INV-002453,C013,2026-04-20,7018.35
ALC-002610,INV-002467,C027,2026-04-20,11631.06
ALC-002611,INV-002473,C011,2026-04-20,18061.00
ALC-002612,INV-002475,C050,2026-04-20,5286.23
ALC-002613,INV-002148,C053,2026-04-21,5373.26
ALC-002614,INV-002322,C062,2026-04-21,8200.00
ALC-002615,INV-002362,C021,2026-04-21,2476.88
ALC-002616,INV-002440,C067,2026-04-21,5000.00
ALC-002617,INV-002460,C013,2026-04-21,8794.80
ALC-002618,INV-002476,C040,2026-04-21,8170.23
ALC-002619,INV-002502,C050,2026-04-21,14487.06
ALC-002620,INV-002117,C037,2026-04-22,3705.32
ALC-002621,INV-002323,C011,2026-04-22,3171.21
ALC-002622,INV-002418,C062,2026-04-22,1840.49
ALC-002623,INV-002419,C061,2026-04-22,3527.06
ALC-002624,INV-002427,C062,2026-04-22,9090.35
ALC-002625,INV-002439,C031,2026-04-22,8957.68
ALC-002626,INV-002471,C035,2026-04-22,20891.39
ALC-002627,INV-002494,C031,2026-04-22,13970.50
ALC-002628,INV-002116,C002,2026-04-23,31110.27
ALC-002629,INV-002354,C017,2026-04-23,9082.28
ALC-002630,INV-002442,C028,2026-04-23,5623.42
ALC-002631,INV-002343,C031,2026-04-24,3221.17
ALC-002632,INV-002433,C011,2026-04-24,1337.47
ALC-002633,INV-002474,C010,2026-04-24,7232.99
ALC-002634,INV-002285,C015,2026-04-27,14936.67
ALC-002635,INV-002319,C038,2026-04-27,5295.29
ALC-002636,INV-002331,C029,2026-04-27,7607.61
ALC-002637,INV-002371,C061,2026-04-27,4863.37
ALC-002638,INV-002399,C030,2026-04-27,1085.36
ALC-002639,INV-002445,C019,2026-04-27,13391.57
ALC-002640,INV-002472,C025,2026-04-27,16545.33
ALC-002641,INV-002486,C031,2026-04-27,2227.79
ALC-002642,INV-002487,C019,2026-04-27,13534.87
ALC-002643,INV-002493,C010,2026-04-27,2052.51
ALC-002644,INV-002501,C020,2026-04-27,5860.02
ALC-002645,INV-002536,C052,2026-04-27,10082.21
ALC-002646,INV-002129,C053,2026-04-28,2571.28
ALC-002647,INV-002227,C015,2026-04-28,1427.25
ALC-002648,INV-002335,C029,2026-04-28,5769.08
ALC-002649,INV-002391,C047,2026-04-28,6945.69
ALC-002650,INV-002470,C027,2026-04-28,3774.35
ALC-002651,INV-002520,C001,2026-04-28,2430.28
ALC-002652,INV-002395,C069,2026-04-29,10680.11
ALC-002653,INV-002411,C030,2026-04-29,16758.75
ALC-002654,INV-002426,C062,2026-04-29,2503.79
ALC-002655,INV-002450,C027,2026-04-29,2047.37
ALC-002656,INV-002218,C017,2026-04-30,5160.87
ALC-002657,INV-002238,C051,2026-04-30,19423.72
ALC-002658,INV-002269,C015,2026-04-30,3665.20
ALC-002659,INV-002333,C015,2026-04-30,12435.61
ALC-002660,INV-002365,C057,2026-04-30,3083.67
ALC-002661,INV-002375,C038,2026-04-30,25500.00
ALC-002662,INV-002388,C012,2026-04-30,7729.99
ALC-002663,INV-002444,C006,2026-04-30,1622.81
ALC-002664,INV-002490,C030,2026-04-30,7800.00
ALC-002665,INV-002412,C030,2026-05-01,3762.09
ALC-002666,INV-002222,C022,2026-05-05,11969.85
ALC-002667,INV-002234,C004,2026-05-05,13147.97
ALC-002668,INV-002243,C051,2026-05-05,9404.29
ALC-002669,INV-002284,C053,2026-05-05,6466.94
ALC-002670,INV-002297,C015,2026-05-05,9919.61
ALC-002671,INV-002305,C016,2026-05-05,9189.33
ALC-002672,INV-002307,C024,2026-05-05,8280.78
ALC-002673,INV-002325,C065,2026-05-05,2442.39
ALC-002674,INV-002367,C011,2026-05-05,4905.82
ALC-002675,INV-002409,C010,2026-05-05,8607.68
ALC-002676,INV-002456,C010,2026-05-05,1463.57
ALC-002677,INV-002477,C010,2026-05-05,2047.69
ALC-002678,INV-002480,C060,2026-05-05,7552.91
ALC-002679,INV-002497,C020,2026-05-05,5800.00
ALC-002680,INV-002499,C008,2026-05-05,24043.89
ALC-002681,INV-002503,C034,2026-05-05,6674.72
ALC-002682,INV-002504,C042,2026-05-05,15403.99
ALC-002683,INV-002512,C008,2026-05-05,14162.50
ALC-002684,INV-002519,C063,2026-05-05,2526.90
ALC-002685,INV-002523,C027,2026-05-05,8519.17
ALC-002686,INV-002525,C018,2026-05-05,9790.72
ALC-002687,INV-002530,C031,2026-05-05,3200.00
ALC-002688,INV-002532,C064,2026-05-05,7621.96
ALC-002689,INV-002372,C044,2026-05-06,12300.00
ALC-002690,INV-002376,C038,2026-05-06,4023.37
ALC-002691,INV-002451,C064,2026-05-06,14683.48
ALC-002692,INV-002459,C062,2026-05-06,8976.88
ALC-002693,INV-002463,C062,2026-05-06,11746.67
ALC-002694,INV-002466,C038,2026-05-06,5471.99
ALC-002695,INV-002484,C013,2026-05-06,1347.71
ALC-002696,INV-002507,C011,2026-05-06,6187.51
ALC-002697,INV-002517,C067,2026-05-06,10229.90
ALC-002698,INV-002310,C003,2026-05-07,7720.19
ALC-002699,INV-002323,C011,2026-05-07,7214.17
ALC-002700,INV-002337,C022,2026-05-07,14911.48
ALC-002701,INV-002393,C041,2026-05-07,5625.96
ALC-002702,INV-002421,C007,2026-05-07,2653.43
ALC-002703,INV-002434,C067,2026-05-07,13593.57
ALC-002704,INV-002468,C031,2026-05-07,15400.00
ALC-002705,INV-002526,C031,2026-05-07,1953.03
ALC-002706,INV-002541,C050,2026-05-07,31648.64
ALC-002707,INV-002279,C005,2026-05-08,9696.87
ALC-002708,INV-002431,C010,2026-05-08,31723.58
ALC-002709,INV-002454,C030,2026-05-08,3884.73
ALC-002710,INV-002513,C058,2026-05-08,3907.36
ALC-002711,INV-002223,C029,2026-05-11,4689.81
ALC-002712,INV-002227,C015,2026-05-11,786.07
ALC-002713,INV-002277,C041,2026-05-11,5059.64
ALC-002714,INV-002385,C033,2026-05-11,1856.49
ALC-002715,INV-002400,C041,2026-05-11,2708.18
ALC-002716,INV-002410,C041,2026-05-11,14800.00
ALC-002717,INV-002438,C042,2026-05-11,2698.96
ALC-002718,INV-002457,C029,2026-05-11,18620.09
ALC-002719,INV-002496,C057,2026-05-11,7353.65
ALC-002720,INV-002505,C013,2026-05-11,3472.52
ALC-002721,INV-002353,C014,2026-05-12,3713.62
ALC-002722,INV-002109,C038,2026-05-13,10834.61
ALC-002723,INV-002389,C004,2026-05-13,3753.00
ALC-002724,INV-002407,C047,2026-05-13,10694.32
ALC-002725,INV-002510,C023,2026-05-13,10134.69
ALC-002726,INV-002314,C022,2026-05-14,8617.10
ALC-002727,INV-002364,C036,2026-05-14,10328.95
ALC-002728,INV-002542,C052,2026-05-14,2609.06
ALC-002729,INV-002577,C058,2026-05-14,19718.19
ALC-002730,INV-002446,C032,2026-05-15,4925.02
ALC-002731,INV-002465,C015,2026-05-15,2665.37
ALC-002732,INV-002485,C066,2026-05-15,24683.90
ALC-002733,INV-002533,C011,2026-05-15,4689.43
ALC-002734,INV-002597,C014,2026-05-15,5078.98
ALC-002735,INV-002598,C045,2026-05-15,9846.08
ALC-002736,INV-002602,C067,2026-05-15,10688.16
ALC-002737,INV-002126,C002,2026-05-18,9006.89
ALC-002738,INV-002317,C047,2026-05-18,2682.53
ALC-002739,INV-002334,C024,2026-05-18,29300.00
ALC-002740,INV-002394,C062,2026-05-18,4822.49
ALC-002741,INV-002417,C031,2026-05-18,5004.89
ALC-002742,INV-002421,C007,2026-05-18,5752.91
ALC-002743,INV-002424,C010,2026-05-18,8191.99
ALC-002744,INV-002432,C029,2026-05-18,5862.22
ALC-002745,INV-002435,C022,2026-05-18,4300.00
ALC-002746,INV-002500,C028,2026-05-18,8774.17
ALC-002747,INV-002506,C010,2026-05-18,7710.71
ALC-002748,INV-002507,C011,2026-05-18,6786.66
ALC-002749,INV-002514,C062,2026-05-18,9930.59
ALC-002750,INV-002518,C025,2026-05-18,9963.72
ALC-002751,INV-002529,C061,2026-05-18,6300.00
ALC-002752,INV-002545,C057,2026-05-18,4697.99
ALC-002753,INV-002546,C018,2026-05-18,11300.00
ALC-002754,INV-002560,C008,2026-05-18,15185.37
ALC-002755,INV-002578,C034,2026-05-18,10848.56
ALC-002756,INV-002165,C042,2026-05-19,5066.30
ALC-002757,INV-002348,C011,2026-05-19,950.05
ALC-002758,INV-002386,C010,2026-05-19,15224.33
ALC-002759,INV-002402,C029,2026-05-19,20999.49
ALC-002760,INV-002415,C031,2026-05-19,2521.56
ALC-002761,INV-002481,C010,2026-05-19,9211.12
ALC-002762,INV-002521,C062,2026-05-19,6051.62
ALC-002763,INV-002555,C042,2026-05-19,38723.36
ALC-002764,INV-002486,C031,2026-05-20,1949.78
ALC-002765,INV-002534,C027,2026-05-20,10163.01
ALC-002766,INV-002538,C035,2026-05-20,16327.70
ALC-002767,INV-002583,C040,2026-05-20,1586.30
ALC-002768,INV-002591,C067,2026-05-20,4476.72
ALC-002769,INV-002615,C064,2026-05-20,5500.00
ALC-002770,INV-002340,C022,2026-05-21,13619.00
ALC-002771,INV-002448,C041,2026-05-21,6863.33
ALC-002772,INV-002584,C011,2026-05-21,5664.32
ALC-002773,INV-002172,C037,2026-05-22,3900.00
ALC-002774,INV-002390,C022,2026-05-22,3445.89
ALC-002775,INV-002452,C038,2026-05-22,7200.00
ALC-002776,INV-002552,C010,2026-05-22,2559.67
ALC-002777,INV-002278,C024,2026-05-26,8636.59
ALC-002778,INV-002313,C053,2026-05-26,2775.86
ALC-002779,INV-002408,C057,2026-05-26,1375.14
ALC-002780,INV-002479,C041,2026-05-26,8458.27
ALC-002781,INV-002526,C031,2026-05-26,2746.97
ALC-002782,INV-002527,C062,2026-05-26,9519.65
ALC-002783,INV-002553,C057,2026-05-26,4905.03
ALC-002784,INV-002559,C010,2026-05-26,20745.90
ALC-002785,INV-002567,C008,2026-05-26,24149.99
ALC-002786,INV-002200,C016,2026-05-27,6196.73
ALC-002787,INV-002374,C037,2026-05-27,5671.30
ALC-002788,INV-002376,C038,2026-05-27,6657.01
ALC-002789,INV-002456,C010,2026-05-27,1336.43
ALC-002790,INV-002509,C041,2026-05-27,10602.01
ALC-002791,INV-002516,C017,2026-05-27,2562.26
ALC-002792,INV-002554,C030,2026-05-27,5967.64
ALC-002793,INV-002478,C029,2026-05-28,18096.74
ALC-002794,INV-002508,C010,2026-05-28,4746.19
ALC-002795,INV-002582,C027,2026-05-28,2694.84
ALC-002796,INV-002573,C011,2026-05-29,4788.26
ALC-002797,INV-002384,C065,2026-06-01,13145.42
ALC-002798,INV-002393,C041,2026-06-01,6670.78
ALC-002799,INV-002436,C010,2026-06-01,932.90
ALC-002800,INV-002443,C047,2026-06-01,3065.18
ALC-002801,INV-002469,C059,2026-06-01,3611.66
ALC-002802,INV-002489,C041,2026-06-01,5939.77
ALC-002803,INV-002495,C015,2026-06-01,2067.42
ALC-002804,INV-002512,C008,2026-06-01,8235.94
ALC-002805,INV-002519,C063,2026-06-01,2702.89
ALC-002806,INV-002535,C041,2026-06-01,2714.70
ALC-002807,INV-002540,C062,2026-06-01,4696.42
ALC-002808,INV-002561,C060,2026-06-01,11437.76
ALC-002809,INV-002565,C060,2026-06-01,7051.06
ALC-002810,INV-002571,C045,2026-06-01,9704.62
ALC-002811,INV-002587,C061,2026-06-01,10351.93
ALC-002812,INV-002596,C013,2026-06-01,7464.76
ALC-002813,INV-002601,C067,2026-06-01,32158.47
ALC-002814,INV-002609,C050,2026-06-01,7109.89
ALC-002815,INV-002398,C004,2026-06-02,14600.00
ALC-002816,INV-002425,C036,2026-06-02,13071.57
ALC-002817,INV-002433,C011,2026-06-02,1244.76
ALC-002818,INV-002618,C011,2026-06-02,5603.29
ALC-002819,INV-002351,C037,2026-06-03,7800.00
ALC-002820,INV-002547,C041,2026-06-03,1651.30
ALC-002821,INV-002562,C030,2026-06-03,2542.67
ALC-002822,INV-002564,C062,2026-06-03,11360.60
ALC-002823,INV-002604,C067,2026-06-03,6935.24
ALC-002824,INV-002608,C057,2026-06-03,4886.33
ALC-002825,INV-002634,C027,2026-06-03,2410.66
ALC-002826,INV-002325,C065,2026-06-04,5497.95
ALC-002827,INV-002544,C060,2026-06-04,21066.63
ALC-002828,INV-002611,C057,2026-06-04,1190.60
ALC-002829,INV-002637,C021,2026-06-04,12263.18
ALC-002830,INV-002648,C064,2026-06-04,7062.71
ALC-002831,INV-002652,C013,2026-06-04,9743.85
ALC-002832,INV-002444,C006,2026-06-05,2105.58
ALC-002833,INV-002537,C001,2026-06-05,10492.10
ALC-002834,INV-002550,C030,2026-06-05,8830.42
ALC-002835,INV-002570,C011,2026-06-05,9303.09
ALC-002836,INV-001558,C046,2026-06-08,2840.53
ALC-002837,INV-002284,C053,2026-06-08,3927.37
ALC-002838,INV-002437,C053,2026-06-08,13275.25
ALC-002839,INV-002462,C069,2026-06-08,4153.38
ALC-002840,INV-002511,C047,2026-06-08,7931.80
ALC-002841,INV-002623,C031,2026-06-08,2243.71
ALC-002842,INV-002668,C042,2026-06-08,10455.78
ALC-002843,INV-002680,C042,2026-06-08,10777.90
ALC-002844,INV-002367,C011,2026-06-09,3680.03
ALC-002845,INV-002566,C030,2026-06-09,21689.91
ALC-002846,INV-002572,C057,2026-06-09,3588.78
ALC-002847,INV-002248,C014,2026-06-10,6234.91
ALC-002848,INV-002297,C015,2026-06-10,9208.41
ALC-002849,INV-002568,C040,2026-06-10,9059.48
ALC-002850,INV-002642,C025,2026-06-10,10676.84
ALC-002851,INV-002650,C027,2026-06-10,3180.48
ALC-002852,INV-002672,C019,2026-06-10,5816.35
ALC-002853,INV-002305,C016,2026-06-11,7688.85
ALC-002854,INV-002575,C012,2026-06-11,3900.00
ALC-002855,INV-002631,C011,2026-06-11,16211.28
ALC-002856,INV-002644,C019,2026-06-11,10023.71
ALC-002857,INV-002234,C004,2026-06-12,11707.56
ALC-002858,INV-002599,C010,2026-06-12,11279.61
ALC-002859,INV-002628,C061,2026-06-12,5299.33
ALC-002860,INV-002646,C021,2026-06-12,20089.45
ALC-002861,INV-002528,C043,2026-06-15,14439.59
ALC-002862,INV-002539,C029,2026-06-15,7711.07
ALC-002863,INV-002554,C030,2026-06-15,2888.71
ALC-002864,INV-002563,C041,2026-06-15,11343.39
ALC-002865,INV-002613,C026,2026-06-15,7848.88
ALC-002866,INV-002622,C061,2026-06-15,12420.03
ALC-002867,INV-002663,C042,2026-06-15,8603.05
ALC-002868,INV-002665,C001,2026-06-15,16680.39
ALC-002869,INV-002666,C027,2026-06-15,5988.49
ALC-002870,INV-002693,C021,2026-06-15,24220.89
ALC-002871,INV-002694,C042,2026-06-15,10776.87
ALC-002872,INV-002491,C045,2026-06-16,15300.00
ALC-002873,INV-002495,C015,2026-06-16,4284.94
ALC-002874,INV-002619,C032,2026-06-16,7234.85
ALC-002875,INV-002639,C062,2026-06-16,6169.93
ALC-002876,INV-002682,C001,2026-06-16,3163.01
ALC-002877,INV-002700,C067,2026-06-16,38334.18
ALC-002878,INV-002704,C020,2026-06-16,29107.41
ALC-002879,INV-002181,C062,2026-06-17,3941.29
ALC-002880,INV-002482,C065,2026-06-17,4424.30
ALC-002881,INV-002483,C043,2026-06-17,11537.51
ALC-002882,INV-002498,C053,2026-06-17,11398.99
ALC-002883,INV-002552,C010,2026-06-17,2533.02
ALC-002884,INV-002610,C062,2026-06-17,4358.52
ALC-002885,INV-002625,C060,2026-06-17,13607.91
ALC-002886,INV-002626,C057,2026-06-17,1146.16
ALC-002887,INV-002659,C009,2026-06-17,2754.00
ALC-002888,INV-002669,C052,2026-06-17,7091.51
ALC-002889,INV-002697,C064,2026-06-17,6608.80
ALC-002890,INV-002558,C023,2026-06-18,4000.54
ALC-002891,INV-002574,C043,2026-06-18,12729.83
ALC-002892,INV-002593,C066,2026-06-18,13917.56
ALC-002893,INV-002673,C019,2026-06-18,3045.09
ALC-002894,INV-002715,C027,2026-06-18,9477.83
ALC-002895,INV-002488,C006,2026-06-19,9075.78
ALC-002896,INV-002684,C042,2026-06-19,22935.99
ALC-002897,INV-002701,C064,2026-06-19,3996.12
ALC-002898,INV-001944,C041,2026-06-22,8853.77
ALC-002899,INV-002381,C056,2026-06-22,6307.83
ALC-002900,INV-002407,C047,2026-06-22,5467.61
ALC-002901,INV-002556,C004,2026-06-22,12869.21
ALC-002902,INV-002576,C022,2026-06-22,13100.00
ALC-002903,INV-002580,C023,2026-06-22,17712.94
ALC-002904,INV-002581,C015,2026-06-22,4074.06
ALC-002905,INV-002611,C057,2026-06-22,2641.09
ALC-002906,INV-002636,C010,2026-06-22,21066.31
ALC-002907,INV-002651,C028,2026-06-22,17474.52
ALC-002908,INV-002658,C061,2026-06-22,13762.99
ALC-002909,INV-002681,C013,2026-06-22,8038.54
ALC-002910,INV-002691,C025,2026-06-22,2654.41
ALC-002911,INV-002698,C067,2026-06-22,12200.00
ALC-002912,INV-002339,C031,2026-06-23,9198.76
ALC-002913,INV-002671,C030,2026-06-23,3424.06
ALC-002914,INV-002679,C050,2026-06-23,13612.66
ALC-002915,INV-002716,C034,2026-06-23,6000.00
ALC-002916,INV-002705,C027,2026-06-24,3300.00
ALC-002917,INV-002557,C010,2026-06-25,7109.75
ALC-002918,INV-002595,C017,2026-06-25,11549.95
ALC-002919,INV-002627,C041,2026-06-25,7752.15
ALC-002920,INV-002667,C048,2026-06-25,12102.32
ALC-002921,INV-002515,C004,2026-06-26,2910.60
ALC-002922,INV-002687,C014,2026-06-26,2800.48
ALC-002923,INV-002000,C043,2026-06-29,4109.65
ALC-002924,INV-002359,C037,2026-06-29,5932.08
ALC-002925,INV-002441,C037,2026-06-29,7169.74
ALC-002926,INV-002531,C022,2026-06-29,3438.53
ALC-002927,INV-002583,C040,2026-06-29,1470.81
ALC-002928,INV-002590,C007,2026-06-29,16830.05
ALC-002929,INV-002592,C039,2026-06-29,3834.47
ALC-002930,INV-002594,C015,2026-06-29,6700.00
ALC-002931,INV-002608,C057,2026-06-29,4713.67
ALC-002932,INV-002629,C044,2026-06-29,3036.18
ALC-002933,INV-002640,C022,2026-06-29,4890.69
ALC-002934,INV-002655,C001,2026-06-29,6212.94
ALC-002935,INV-002676,C057,2026-06-29,7724.13
ALC-002936,INV-002719,C019,2026-06-29,1700.00
ALC-002937,INV-002730,C061,2026-06-29,7282.96
ALC-002938,INV-002547,C041,2026-06-30,2248.70
ALC-002939,INV-002551,C015,2026-06-30,3601.99
ALC-002940,INV-002660,C030,2026-06-30,5300.00
ALC-002941,INV-002717,C020,2026-06-30,9549.60
ALC-002942,INV-002516,C017,2026-07-01,5797.61
ALC-002943,INV-002549,C015,2026-07-01,11853.74
ALC-002944,INV-002624,C022,2026-07-02,8544.70
ALC-002945,INV-002712,C057,2026-07-02,12338.01
ALC-002946,INV-002728,C027,2026-07-02,17383.54
ALC-002947,INV-002706,C031,2026-07-03,3436.65
ALC-002948,INV-002709,C031,2026-07-03,1224.84
ALC-002949,INV-002720,C001,2026-07-03,8357.45
ALC-002950,INV-002721,C032,2026-07-03,1382.36
ALC-002951,INV-002724,C019,2026-07-03,13743.11
ALC-002952,INV-002313,C053,2026-07-06,3628.52
ALC-002953,INV-002569,C043,2026-07-06,3776.97
ALC-002954,INV-002607,C029,2026-07-06,23420.77
ALC-002955,INV-002616,C015,2026-07-06,1987.15
ALC-002956,INV-002634,C027,2026-07-06,1981.56
ALC-002957,INV-002643,C004,2026-07-06,8324.48
ALC-002958,INV-002678,C052,2026-07-06,12640.80
ALC-002959,INV-002686,C030,2026-07-06,6800.00
ALC-002960,INV-002689,C062,2026-07-06,7162.15
ALC-002961,INV-002732,C031,2026-07-06,847.11
ALC-002962,INV-002736,C064,2026-07-06,18179.34
ALC-002963,INV-002742,C027,2026-07-06,5137.50
ALC-002964,INV-002621,C015,2026-07-07,36804.84
ALC-002965,INV-002696,C031,2026-07-07,9340.77
ALC-002966,INV-002729,C066,2026-07-07,7526.65
ALC-002967,INV-002753,C021,2026-07-07,14029.71
ALC-002968,INV-002713,C065,2026-07-09,7488.08
ALC-002969,INV-002739,C027,2026-07-09,2436.48
ALC-002970,INV-002404,C015,2026-07-10,4780.59
ALC-002971,INV-002588,C047,2026-07-10,38256.36
ALC-002972,INV-002770,C013,2026-07-10,3272.19
ALC-002973,INV-002537,C001,2026-07-13,6163.49
ALC-002974,INV-002572,C057,2026-07-13,6671.36
ALC-002975,INV-002589,C047,2026-07-13,26895.42
ALC-002976,INV-002614,C043,2026-07-13,16306.48
ALC-002977,INV-002617,C041,2026-07-13,28042.78
ALC-002978,INV-002647,C022,2026-07-13,5049.34
ALC-002979,INV-002654,C017,2026-07-13,4727.95
ALC-002980,INV-002656,C006,2026-07-13,3352.50
ALC-002981,INV-002688,C029,2026-07-13,8954.51
ALC-002982,INV-002756,C012,2026-07-13,1896.65
ALC-002983,INV-002769,C018,2026-07-13,14260.65
ALC-002984,INV-002785,C025,2026-07-13,19600.00
ALC-002985,INV-002762,C054,2026-07-14,6947.91
ALC-002986,INV-002767,C021,2026-07-14,25729.82
ALC-002987,INV-002437,C053,2026-07-15,12024.75
ALC-002988,INV-002727,C032,2026-07-15,5449.25
ALC-002989,INV-002633,C032,2026-07-16,26322.21
ALC-002990,INV-002731,C023,2026-07-16,10786.61
ALC-002991,INV-002734,C060,2026-07-16,15293.22
ALC-002992,INV-002780,C031,2026-07-16,2939.88
ALC-002993,INV-002790,C021,2026-07-16,11880.95
ALC-002994,INV-002585,C053,2026-07-17,12474.05
ALC-002995,INV-002638,C004,2026-07-17,9812.04
ALC-002996,INV-002737,C062,2026-07-17,4603.87
ALC-002997,INV-002745,C062,2026-07-17,12526.50
ALC-002998,INV-002383,C042,2026-07-20,3743.24
ALC-002999,INV-002522,C053,2026-07-20,10019.95
ALC-003000,INV-002606,C043,2026-07-20,10904.31
ALC-003001,INV-002641,C003,2026-07-20,3240.22
ALC-003002,INV-002672,C019,2026-07-20,11483.65
ALC-003003,INV-002673,C019,2026-07-20,3314.80
ALC-003004,INV-002718,C057,2026-07-20,19533.98
ALC-003005,INV-002723,C062,2026-07-20,22197.63
ALC-003006,INV-002778,C013,2026-07-20,4156.44
ALC-003007,INV-002551,C015,2026-07-21,4361.94
ALC-003008,INV-002619,C032,2026-07-21,3644.67
ALC-003009,INV-002515,C004,2026-07-22,2375.67
ALC-003010,INV-002670,C051,2026-07-22,6571.11
ALC-003011,INV-002685,C029,2026-07-22,9555.34
ALC-003012,INV-002759,C030,2026-07-22,9706.84
ALC-003013,INV-002791,C058,2026-07-23,17224.08
ALC-003014,INV-002811,C050,2026-07-23,2216.20
ALC-003015,INV-002814,C013,2026-07-23,1660.85
ALC-003016,INV-002659,C009,2026-07-24,1699.78
ALC-003017,INV-002781,C031,2026-07-24,7390.46
ALC-003018,INV-002793,C031,2026-07-24,11900.00
ALC-003019,INV-002807,C032,2026-07-24,19257.31
ALC-003020,INV-002832,C020,2026-07-24,13900.00
ALC-003021,INV-002548,C024,2026-07-27,8800.00
ALC-003022,INV-002702,C011,2026-07-27,5400.00
ALC-003023,INV-002725,C061,2026-07-27,9241.99
ALC-003024,INV-002732,C031,2026-07-27,1457.64
ALC-003025,INV-002741,C023,2026-07-27,5988.71
ALC-003026,INV-002744,C057,2026-07-27,13155.57
ALC-003027,INV-002752,C015,2026-07-27,8453.93
ALC-003028,INV-002764,C030,2026-07-27,6900.71
ALC-003029,INV-002771,C057,2026-07-27,10153.91
ALC-003030,INV-002787,C027,2026-07-27,20779.85
ALC-003031,INV-002812,C027,2026-07-27,4687.09
ALC-003032,INV-002818,C042,2026-07-27,11776.66
ALC-003033,INV-002819,C050,2026-07-27,1600.00
ALC-003034,INV-002708,C051,2026-07-28,21621.49
ALC-003035,INV-002709,C031,2026-07-28,975.16
ALC-003036,INV-002754,C011,2026-07-28,9044.04
ALC-003037,INV-002833,C031,2026-07-28,4300.00
ALC-003038,INV-002839,C042,2026-07-28,3620.09
ALC-003039,INV-002242,C037,2026-07-29,22208.66
ALC-003040,INV-002342,C056,2026-07-29,1688.66
ALC-003041,INV-002721,C032,2026-07-29,1484.02
ALC-003042,INV-002743,C041,2026-07-29,8200.00
ALC-003043,INV-002797,C010,2026-07-29,993.55
ALC-003044,INV-002822,C011,2026-07-29,8517.65
ALC-003045,INV-002817,C023,2026-07-30,7677.55
ALC-003046,INV-002842,C027,2026-07-30,11369.89
ALC-003047,INV-002657,C015,2026-07-31,16431.76
ALC-003048,INV-002735,C041,2026-07-31,5367.02
ALC-003049,INV-002747,C027,2026-07-31,4686.08
ALC-003050,INV-002804,C011,2026-07-31,10300.00
ALC-003051,INV-002808,C061,2026-07-31,9645.88
ALC-003052,INV-002543,C053,2026-08-03,14231.60
ALC-003053,INV-002620,C053,2026-08-03,12543.72
ALC-003054,INV-002632,C038,2026-08-03,12052.55
ALC-003055,INV-002664,C015,2026-08-03,15371.76
ALC-003056,INV-002695,C043,2026-08-03,3545.78
ALC-003057,INV-002711,C015,2026-08-03,3600.00
ALC-003058,INV-002713,C065,2026-08-03,3713.26
ALC-003059,INV-002748,C011,2026-08-03,16100.00
ALC-003060,INV-002763,C057,2026-08-03,5371.22
ALC-003061,INV-002765,C060,2026-08-03,5752.46
ALC-003062,INV-002766,C028,2026-08-03,7228.38
ALC-003063,INV-002776,C010,2026-08-03,13800.00
ALC-003064,INV-002777,C001,2026-08-03,6202.62
ALC-003065,INV-002806,C032,2026-08-03,7312.71
ALC-003066,INV-002811,C050,2026-08-03,1726.86
ALC-003067,INV-002816,C027,2026-08-03,12900.00
ALC-003068,INV-002831,C020,2026-08-03,1810.04
ALC-003069,INV-002852,C012,2026-08-03,15677.15
ALC-003070,INV-002359,C037,2026-08-04,10067.92
ALC-003071,INV-002714,C043,2026-08-04,5156.18
ALC-003072,INV-002782,C062,2026-08-04,5209.77
ALC-003073,INV-002649,C039,2026-08-05,3126.10
ALC-003074,INV-002733,C007,2026-08-05,6598.28
ALC-003075,INV-002770,C013,2026-08-05,3542.02
ALC-003076,INV-002828,C027,2026-08-05,4270.27
ALC-003077,INV-002871,C011,2026-08-05,19582.18
ALC-003078,INV-002834,C027,2026-08-06,8882.50
ALC-003079,INV-002755,C029,2026-08-07,11176.95
ALC-003080,INV-002760,C046,2026-08-07,3932.85
ALC-003081,INV-002781,C031,2026-08-07,5468.25
ALC-003082,INV-002789,C010,2026-08-07,7171.78
ALC-003083,INV-002882,C021,2026-08-07,2783.51
ALC-003084,INV-002358,C002,2026-08-10,2493.17
ALC-003085,INV-002699,C043,2026-08-10,12014.33
ALC-003086,INV-002707,C043,2026-08-10,5077.75
ALC-003087,INV-002717,C020,2026-08-10,6806.81
ALC-003088,INV-002751,C043,2026-08-10,5330.52
ALC-003089,INV-002779,C060,2026-08-10,39484.92
ALC-003090,INV-002810,C066,2026-08-10,22040.06
ALC-003091,INV-002815,C057,2026-08-10,1947.45
ALC-003092,INV-002859,C013,2026-08-10,8289.09
ALC-003093,INV-002862,C027,2026-08-10,10565.29
ALC-003094,INV-002896,C027,2026-08-10,6408.76
ALC-003095,INV-002823,C042,2026-08-11,23358.27
ALC-003096,INV-002849,C014,2026-08-11,19800.00
ALC-003097,INV-002874,C031,2026-08-11,20456.63
ALC-003098,INV-002883,C027,2026-08-11,31800.00
ALC-003099,INV-002888,C019,2026-08-11,5000.00
ALC-003100,INV-002739,C027,2026-08-12,1396.46
ALC-003101,INV-002803,C062,2026-08-12,3874.15
ALC-003102,INV-002846,C055,2026-08-12,12700.00
ALC-003103,INV-002860,C067,2026-08-12,4719.64
ALC-003104,INV-002865,C042,2026-08-12,14415.19
ALC-003105,INV-002763,C057,2026-08-13,4727.05
ALC-003106,INV-002850,C010,2026-08-13,15576.16
ALC-003107,INV-002881,C027,2026-08-13,17121.71
ALC-003108,INV-002887,C031,2026-08-13,11200.00
ALC-003109,INV-002906,C019,2026-08-13,5159.97
ALC-003110,INV-002738,C046,2026-08-14,1482.08
ALC-003111,INV-002768,C038,2026-08-14,21388.71
ALC-003112,INV-002795,C022,2026-08-14,17394.90
ALC-003113,INV-002880,C031,2026-08-14,5376.31
ALC-003114,INV-002893,C031,2026-08-14,7191.86
ALC-003115,INV-002677,C001,2026-08-17,13400.00
ALC-003116,INV-002800,C029,2026-08-17,18600.26
ALC-003117,INV-002802,C011,2026-08-17,3611.70
ALC-003118,INV-002813,C028,2026-08-17,6061.24
ALC-003119,INV-002837,C066,2026-08-17,1744.93
ALC-003120,INV-002851,C062,2026-08-17,6450.96
ALC-003121,INV-002863,C061,2026-08-17,15203.51
ALC-003122,INV-002891,C013,2026-08-17,13963.23
ALC-003123,INV-002892,C027,2026-08-17,4000.00
ALC-003124,INV-002944,C064,2026-08-17,5700.00
ALC-003125,INV-002280,C050,2026-08-18,34500.00
ALC-003126,INV-002605,C053,2026-08-18,39552.62
ALC-003127,INV-002653,C064,2026-08-18,4900.00
ALC-003128,INV-002839,C042,2026-08-18,4753.96
ALC-003129,INV-002926,C067,2026-08-18,6439.44
ALC-003130,INV-002722,C015,2026-08-19,9860.48
ALC-003131,INV-002900,C067,2026-08-19,15418.14
ALC-003132,INV-002766,C028,2026-08-20,8416.22
ALC-003133,INV-002876,C030,2026-08-20,9812.81
ALC-003134,INV-002932,C008,2026-08-20,10713.20
ALC-003135,INV-002749,C070,2026-08-21,6372.66
ALC-003136,INV-002818,C042,2026-08-21,9723.34
ALC-003137,INV-002820,C001,2026-08-21,4286.57
ALC-003138,INV-002838,C019,2026-08-21,4646.95
ALC-003139,INV-002858,C062,2026-08-21,27820.09
ALC-003140,INV-002867,C010,2026-08-21,14534.92
ALC-003141,INV-002879,C018,2026-08-21,20204.52
ALC-003142,INV-002772,C010,2026-08-24,9656.50
ALC-003143,INV-002778,C013,2026-08-24,7443.12
ALC-003144,INV-002788,C042,2026-08-24,12793.40
ALC-003145,INV-002803,C062,2026-08-24,5325.85
ALC-003146,INV-002855,C036,2026-08-24,14947.22
ALC-003147,INV-002862,C027,2026-08-24,5365.26
ALC-003148,INV-002895,C031,2026-08-24,4980.15
ALC-003149,INV-002899,C031,2026-08-24,18796.92
ALC-003150,INV-002902,C067,2026-08-24,5563.52
ALC-003151,INV-002907,C031,2026-08-24,3400.00
ALC-003152,INV-002920,C013,2026-08-24,11395.07
ALC-003153,INV-002939,C064,2026-08-24,14705.56
ALC-003154,INV-002809,C015,2026-08-25,6312.66
ALC-003155,INV-002927,C038,2026-08-25,15855.19
ALC-003156,INV-002735,C041,2026-08-26,5072.16
ALC-003157,INV-002801,C024,2026-08-26,17419.54
ALC-003158,INV-002840,C052,2026-08-26,3690.41
ALC-003159,INV-002921,C020,2026-08-26,11959.46
ALC-003160,INV-002025,C037,2026-08-27,5161.73
ALC-003161,INV-002740,C041,2026-08-27,9815.50
ALC-003162,INV-002784,C038,2026-08-27,3570.58
ALC-003163,INV-002799,C015,2026-08-27,7599.74
ALC-003164,INV-002897,C030,2026-08-27,8296.57
ALC-003165,INV-002831,C020,2026-08-28,2709.93
ALC-003166,INV-002877,C062,2026-08-28,17372.62
