InvoiceID,CustomerID,InvoiceDate,DueDate,Amount
INV-000001,C031,2024-04-02,2024-05-02,11300.00
INV-000002,C030,2024-04-02,2024-05-17,33780.63
INV-000003,C021,2024-04-02,2024-05-02,14522.98
INV-000004,C015,2024-04-03,2024-06-02,9822.41
INV-000005,C045,2024-04-03,2024-05-03,9206.19
INV-000006,C032,2024-04-03,2024-05-03,8180.56
INV-000007,C013,2024-04-03,2024-05-03,4446.66
INV-000008,C049,2024-04-03,2024-06-02,11678.08
INV-000009,C008,2024-04-03,2024-05-03,3427.59
INV-000010,C015,2024-04-03,2024-06-02,7878.72
INV-000011,C038,2024-04-03,2024-05-03,10449.87
INV-000012,C043,2024-04-03,2024-06-02,9728.31
INV-000013,C011,2024-04-04,2024-05-04,4701.01
INV-000014,C031,2024-04-04,2024-05-04,14620.17
INV-000015,C030,2024-04-04,2024-05-19,8433.11
INV-000016,C023,2024-04-04,2024-05-04,8299.19
INV-000017,C043,2024-04-05,2024-06-04,4092.80
INV-000018,C002,2024-04-05,2024-05-05,1121.10
INV-000019,C011,2024-04-05,2024-05-05,12500.00
INV-000020,C031,2024-04-05,2024-05-05,4168.78
INV-000021,C040,2024-04-05,2024-05-05,10110.12
INV-000022,C033,2024-04-05,2024-05-05,9034.80
INV-000023,C037,2024-04-05,2024-05-05,17778.60
INV-000024,C048,2024-04-08,2024-05-23,22019.46
INV-000025,C041,2024-04-08,2024-06-07,21031.69
INV-000026,C038,2024-04-08,2024-05-08,13627.88
INV-000027,C050,2024-04-08,2024-05-08,15749.60
INV-000028,C015,2024-04-09,2024-06-08,5171.24
INV-000029,C037,2024-04-09,2024-05-09,9011.07
INV-000030,C030,2024-04-10,2024-05-25,833.88
INV-000031,C041,2024-04-10,2024-06-09,3400.00
INV-000032,C004,2024-04-10,2024-05-10,16698.87
INV-000033,C023,2024-04-10,2024-05-10,15700.00
INV-000034,C021,2024-04-11,2024-05-11,25150.50
INV-000035,C015,2024-04-11,2024-06-10,6622.71
INV-000036,C038,2024-04-11,2024-05-11,37747.14
INV-000037,C031,2024-04-11,2024-05-11,4412.44
INV-000038,C041,2024-04-12,2024-06-11,7109.03
INV-000039,C013,2024-04-12,2024-05-12,5246.19
INV-000040,C010,2024-04-12,2024-05-12,9599.63
INV-000041,C009,2024-04-15,2024-05-15,30714.86
INV-000042,C030,2024-04-15,2024-05-30,8883.28
INV-000043,C016,2024-04-15,2024-05-15,18002.45
INV-000044,C023,2024-04-15,2024-05-15,5978.31
INV-000045,C037,2024-04-16,2024-05-16,9708.06
INV-000046,C001,2024-04-16,2024-05-16,5400.00
INV-000047,C028,2024-04-16,2024-05-16,12600.65
INV-000048,C001,2024-04-16,2024-05-16,16028.56
INV-000049,C045,2024-04-16,2024-05-16,32360.39
INV-000050,C030,2024-04-17,2024-06-01,6243.87
INV-000051,C022,2024-04-17,2024-05-17,2738.53
INV-000052,C030,2024-04-17,2024-06-01,3769.09
INV-000053,C036,2024-04-17,2024-05-17,2964.13
INV-000054,C030,2024-04-18,2024-06-02,8102.70
INV-000055,C017,2024-04-18,2024-06-17,4851.57
INV-000056,C015,2024-04-19,2024-06-18,34900.00
INV-000057,C042,2024-04-19,2024-05-19,11700.00
INV-000058,C016,2024-04-19,2024-05-19,8782.79
INV-000059,C023,2024-04-19,2024-05-19,4151.77
INV-000060,C031,2024-04-19,2024-05-19,6027.69
INV-000061,C011,2024-04-22,2024-05-22,7749.30
INV-000062,C043,2024-04-22,2024-06-21,23191.54
INV-000063,C030,2024-04-22,2024-06-06,8170.84
INV-000064,C043,2024-04-23,2024-06-22,15544.75
INV-000065,C010,2024-04-23,2024-05-23,3624.48
INV-000066,C010,2024-04-23,2024-05-23,7641.10
INV-000067,C001,2024-04-23,2024-05-23,9681.09
INV-000068,C041,2024-04-23,2024-06-22,9376.06
INV-000069,C005,2024-04-23,2024-06-22,4409.71
INV-000070,C007,2024-04-23,2024-06-22,13000.00
INV-000071,C001,2024-04-23,2024-05-23,7634.29
INV-000072,C011,2024-04-23,2024-05-23,8400.00
INV-000073,C015,2024-04-24,2024-06-23,3386.19
INV-000074,C021,2024-04-24,2024-05-24,10131.38
INV-000075,C049,2024-04-24,2024-06-23,6246.53
INV-000076,C037,2024-04-24,2024-05-24,4090.63
INV-000077,C047,2024-04-25,2024-06-24,9366.82
INV-000078,C031,2024-04-25,2024-05-25,7500.00
INV-000079,C030,2024-04-25,2024-06-09,2500.00
INV-000080,C011,2024-04-25,2024-05-25,2000.00
INV-000081,C037,2024-04-26,2024-05-26,24648.37
INV-000082,C046,2024-04-26,2024-05-26,6986.43
INV-000083,C014,2024-04-29,2024-05-29,6433.02
INV-000084,C042,2024-04-29,2024-05-29,8973.11
INV-000085,C044,2024-04-29,2024-06-28,31279.87
INV-000086,C031,2024-04-30,2024-05-30,3820.08
INV-000087,C019,2024-04-30,2024-05-30,8084.41
INV-000088,C011,2024-04-30,2024-05-30,11220.81
INV-000089,C029,2024-04-30,2024-06-14,13832.99
INV-000090,C018,2024-04-30,2024-05-30,11100.00
INV-000091,C031,2024-05-01,2024-05-31,9802.61
INV-000092,C041,2024-05-01,2024-06-30,34658.72
INV-000093,C037,2024-05-01,2024-05-31,8800.00
INV-000094,C019,2024-05-01,2024-05-31,11363.04
INV-000095,C001,2024-05-01,2024-05-31,7585.43
INV-000096,C020,2024-05-01,2024-05-31,35931.05
INV-000097,C043,2024-05-01,2024-06-30,5800.00
INV-000098,C015,2024-05-02,2024-07-01,5565.59
INV-000099,C013,2024-05-02,2024-06-01,8595.34
INV-000100,C047,2024-05-02,2024-07-01,9779.67
INV-000101,C018,2024-05-02,2024-06-01,20277.73
INV-000102,C027,2024-05-02,2024-06-01,7144.91
INV-000103,C021,2024-05-03,2024-06-02,12366.19
INV-000104,C027,2024-05-03,2024-06-02,9664.56
INV-000105,C020,2024-05-03,2024-06-02,21128.72
INV-000106,C041,2024-05-03,2024-07-02,2261.65
INV-000107,C038,2024-05-03,2024-06-02,37903.25
INV-000108,C043,2024-05-07,2024-07-06,7484.68
INV-000109,C015,2024-05-07,2024-07-06,7700.00
INV-000110,C010,2024-05-07,2024-06-06,6178.51
INV-000111,C027,2024-05-08,2024-06-07,17583.43
INV-000112,C034,2024-05-08,2024-06-07,7084.49
INV-000113,C025,2024-05-08,2024-06-07,5014.50
INV-000114,C041,2024-05-08,2024-07-07,5624.95
INV-000115,C004,2024-05-09,2024-06-08,32795.48
INV-000116,C010,2024-05-09,2024-06-08,15948.71
INV-000117,C014,2024-05-09,2024-06-08,4306.82
INV-000118,C036,2024-05-09,2024-06-08,10113.19
INV-000119,C032,2024-05-09,2024-06-08,3049.54
INV-000120,C011,2024-05-09,2024-06-08,2143.30
INV-000121,C022,2024-05-09,2024-06-08,8193.26
INV-000122,C022,2024-05-09,2024-06-08,2500.00
INV-000123,C030,2024-05-10,2024-06-24,12151.13
INV-000124,C037,2024-05-10,2024-06-09,2649.98
INV-000125,C030,2024-05-10,2024-06-24,13440.94
INV-000126,C010,2024-05-10,2024-06-09,28648.04
INV-000127,C031,2024-05-10,2024-06-09,11763.14
INV-000128,C010,2024-05-13,2024-06-12,11438.23
INV-000129,C018,2024-05-13,2024-06-12,6099.64
INV-000130,C030,2024-05-13,2024-06-27,16660.95
INV-000131,C025,2024-05-14,2024-06-13,23596.97
INV-000132,C031,2024-05-14,2024-06-13,6486.99
INV-000133,C041,2024-05-14,2024-07-13,6703.25
INV-000134,C038,2024-05-14,2024-06-13,7516.07
INV-000135,C030,2024-05-15,2024-06-29,6542.10
INV-000136,C008,2024-05-15,2024-06-14,10500.00
INV-000137,C033,2024-05-15,2024-06-14,10475.09
INV-000138,C015,2024-05-15,2024-07-14,7505.11
INV-000139,C013,2024-05-15,2024-06-14,10856.23
INV-000140,C007,2024-05-16,2024-07-15,9400.00
INV-000141,C029,2024-05-16,2024-06-30,10200.00
INV-000142,C049,2024-05-16,2024-07-15,8387.64
INV-000143,C036,2024-05-17,2024-06-16,34583.13
INV-000144,C014,2024-05-17,2024-06-16,17259.03
INV-000145,C019,2024-05-17,2024-06-16,10023.06
INV-000146,C002,2024-05-20,2024-06-19,7000.00
INV-000147,C010,2024-05-20,2024-06-19,5271.94
INV-000148,C002,2024-05-20,2024-06-19,2902.51
INV-000149,C001,2024-05-20,2024-06-19,5665.42
INV-000150,C011,2024-05-21,2024-06-20,5926.17
INV-000151,C030,2024-05-21,2024-07-05,8700.00
INV-000152,C003,2024-05-21,2024-07-20,2665.30
INV-000153,C030,2024-05-22,2024-07-06,21591.88
INV-000154,C030,2024-05-22,2024-07-06,3557.29
INV-000155,C030,2024-05-22,2024-07-06,7328.48
INV-000156,C044,2024-05-22,2024-07-21,12900.00
INV-000157,C030,2024-05-22,2024-07-06,7560.21
INV-000158,C015,2024-05-23,2024-07-22,6569.93
INV-000159,C030,2024-05-23,2024-07-07,9100.00
INV-000160,C027,2024-05-23,2024-06-22,3376.58
INV-000161,C004,2024-05-24,2024-06-23,23166.82
INV-000162,C031,2024-05-24,2024-06-23,6426.41
INV-000163,C031,2024-05-24,2024-06-23,3963.53
INV-000164,C052,2024-05-28,2024-06-27,10980.37
INV-000165,C037,2024-05-28,2024-06-27,15578.32
INV-000166,C015,2024-05-28,2024-07-27,11128.50
INV-000167,C027,2024-05-28,2024-06-27,16166.55
INV-000168,C027,2024-05-28,2024-06-27,5459.30
INV-000169,C037,2024-05-29,2024-06-28,10148.23
INV-000170,C025,2024-05-29,2024-06-28,10319.79
INV-000171,C013,2024-05-30,2024-06-29,38494.46
INV-000172,C040,2024-05-30,2024-06-29,4781.31
INV-000173,C042,2024-05-30,2024-06-29,22202.61
INV-000174,C022,2024-05-30,2024-06-29,3908.16
INV-000175,C044,2024-05-30,2024-07-29,21100.00
INV-000176,C014,2024-05-31,2024-06-30,17100.00
INV-000177,C016,2024-05-31,2024-06-30,13100.00
INV-000178,C015,2024-05-31,2024-07-30,10200.00
INV-000179,C011,2024-05-31,2024-06-30,3300.00
INV-000180,C042,2024-05-31,2024-06-30,19000.00
INV-000181,C022,2024-05-31,2024-06-30,24400.62
INV-000182,C019,2024-05-31,2024-06-30,13293.12
INV-000183,C010,2024-05-31,2024-06-30,4337.06
INV-000184,C036,2024-06-03,2024-07-03,8861.87
INV-000185,C019,2024-06-03,2024-07-03,10575.34
INV-000186,C041,2024-06-03,2024-08-02,4600.00
INV-000187,C029,2024-06-03,2024-07-18,6957.92
INV-000188,C015,2024-06-03,2024-08-02,2100.00
INV-000189,C044,2024-06-03,2024-08-02,26526.82
INV-000190,C015,2024-06-03,2024-08-02,1236.81
INV-000191,C031,2024-06-04,2024-07-04,6843.43
INV-000192,C043,2024-06-04,2024-08-03,36751.23
INV-000193,C049,2024-06-05,2024-08-04,9505.24
INV-000194,C013,2024-06-05,2024-07-05,13212.98
INV-000195,C017,2024-06-06,2024-08-05,15598.23
INV-000196,C043,2024-06-06,2024-08-05,8164.88
INV-000197,C014,2024-06-06,2024-07-06,7605.10
INV-000198,C011,2024-06-06,2024-07-06,15306.43
INV-000199,C010,2024-06-06,2024-07-06,4610.99
INV-000200,C042,2024-06-07,2024-07-07,2987.10
INV-000201,C053,2024-06-07,2024-08-06,5660.87
INV-000202,C044,2024-06-07,2024-08-06,9266.84
INV-000203,C023,2024-06-07,2024-07-07,12699.95
INV-000204,C012,2024-06-10,2024-07-10,16839.66
INV-000205,C052,2024-06-11,2024-07-11,10952.30
INV-000206,C015,2024-06-11,2024-08-10,2946.67
INV-000207,C047,2024-06-11,2024-08-10,3270.69
INV-000208,C041,2024-06-11,2024-08-10,5392.65
INV-000209,C027,2024-06-11,2024-07-11,3600.00
INV-000210,C031,2024-06-11,2024-07-11,3900.00
INV-000211,C027,2024-06-11,2024-07-11,12820.65
INV-000212,C027,2024-06-11,2024-07-11,2434.69
INV-000213,C021,2024-06-12,2024-07-12,10291.97
INV-000214,C041,2024-06-12,2024-08-11,14200.42
INV-000215,C035,2024-06-12,2024-07-12,37327.83
INV-000216,C023,2024-06-13,2024-07-13,16959.70
INV-000217,C030,2024-06-13,2024-07-28,9063.42
INV-000218,C050,2024-06-14,2024-07-14,12472.43
INV-000219,C031,2024-06-14,2024-07-14,6714.23
INV-000220,C017,2024-06-14,2024-08-13,6456.13
INV-000221,C041,2024-06-14,2024-08-13,11727.71
INV-000222,C010,2024-06-14,2024-07-14,7226.61
INV-000223,C025,2024-06-14,2024-07-14,11084.60
INV-000224,C028,2024-06-17,2024-07-17,35716.25
INV-000225,C027,2024-06-17,2024-07-17,13933.78
INV-000226,C041,2024-06-17,2024-08-16,11100.00
INV-000227,C029,2024-06-18,2024-08-02,19930.71
INV-000228,C042,2024-06-18,2024-07-18,15501.23
INV-000229,C011,2024-06-18,2024-07-18,1524.26
INV-000230,C020,2024-06-19,2024-07-19,12021.59
INV-000231,C028,2024-06-19,2024-07-19,10300.00
INV-000232,C031,2024-06-19,2024-07-19,4879.34
INV-000233,C043,2024-06-19,2024-08-18,8172.59
INV-000234,C043,2024-06-19,2024-08-18,7806.19
INV-000235,C011,2024-06-20,2024-07-20,15848.23
INV-000236,C038,2024-06-20,2024-07-20,9628.65
INV-000237,C013,2024-06-20,2024-07-20,9490.95
INV-000238,C028,2024-06-20,2024-07-20,5772.22
INV-000239,C043,2024-06-20,2024-08-19,14500.00
INV-000240,C041,2024-06-20,2024-08-19,8259.52
INV-000241,C030,2024-06-20,2024-08-04,21203.74
INV-000242,C053,2024-06-21,2024-08-20,3897.57
INV-000243,C015,2024-06-21,2024-08-20,15071.46
INV-000244,C041,2024-06-21,2024-08-20,6900.00
INV-000245,C014,2024-06-21,2024-07-21,6478.60
INV-000246,C008,2024-06-21,2024-07-21,6800.00
INV-000247,C034,2024-06-21,2024-07-21,7253.03
INV-000248,C030,2024-06-21,2024-08-05,7200.00
INV-000249,C022,2024-06-21,2024-07-21,11984.08
INV-000250,C034,2024-06-24,2024-07-24,8022.15
INV-000251,C015,2024-06-24,2024-08-23,18954.98
INV-000252,C031,2024-06-24,2024-07-24,4603.03
INV-000253,C042,2024-06-24,2024-07-24,9583.42
INV-000254,C041,2024-06-25,2024-08-24,18300.00
INV-000255,C019,2024-06-25,2024-07-25,7000.00
INV-000256,C011,2024-06-25,2024-07-25,17258.64
INV-000257,C013,2024-06-25,2024-07-25,6088.88
INV-000258,C016,2024-06-25,2024-07-25,4846.62
INV-000259,C030,2024-06-26,2024-08-10,3949.16
INV-000260,C001,2024-06-26,2024-07-26,37155.66
INV-000261,C041,2024-06-26,2024-08-25,2100.00
INV-000262,C008,2024-06-27,2024-07-27,10733.71
INV-000263,C001,2024-06-27,2024-07-27,4569.52
INV-000264,C002,2024-06-28,2024-07-28,27396.63
INV-000265,C030,2024-06-28,2024-08-12,16773.31
INV-000266,C045,2024-06-28,2024-07-28,3349.12
INV-000267,C031,2024-06-28,2024-07-28,8155.23
INV-000268,C008,2024-06-28,2024-07-28,4400.00
INV-000269,C031,2024-06-28,2024-07-28,7754.41
INV-000270,C002,2024-07-01,2024-07-31,7041.41
INV-000271,C012,2024-07-01,2024-07-31,18733.44
INV-000272,C003,2024-07-01,2024-08-30,2845.72
INV-000273,C031,2024-07-01,2024-07-31,10799.10
INV-000274,C004,2024-07-01,2024-07-31,5744.44
INV-000275,C031,2024-07-01,2024-07-31,3995.29
INV-000276,C002,2024-07-01,2024-07-31,5667.09
INV-000277,C010,2024-07-01,2024-07-31,12500.00
INV-000278,C023,2024-07-01,2024-07-31,22033.57
INV-000279,C041,2024-07-01,2024-08-30,14616.96
INV-000280,C008,2024-07-02,2024-08-01,25384.44
INV-000281,C047,2024-07-02,2024-08-31,9429.91
INV-000282,C031,2024-07-02,2024-08-01,5631.48
INV-000283,C043,2024-07-02,2024-08-31,28042.33
INV-000284,C053,2024-07-02,2024-08-31,12498.74
INV-000285,C019,2024-07-04,2024-08-03,14567.37
INV-000286,C010,2024-07-04,2024-08-03,6793.09
INV-000287,C029,2024-07-04,2024-08-18,10718.32
INV-000288,C013,2024-07-04,2024-08-03,16581.52
INV-000289,C027,2024-07-04,2024-08-03,25087.08
INV-000290,C031,2024-07-04,2024-08-03,3542.54
INV-000291,C020,2024-07-05,2024-08-04,4326.38
INV-000292,C013,2024-07-05,2024-08-04,12824.83
INV-000293,C030,2024-07-08,2024-08-22,9845.03
INV-000294,C001,2024-07-08,2024-08-07,14353.65
INV-000295,C013,2024-07-08,2024-08-07,3798.28
INV-000296,C032,2024-07-09,2024-08-08,4806.05
INV-000297,C015,2024-07-09,2024-09-07,19261.81
INV-000298,C039,2024-07-09,2024-08-08,2000.00
INV-000299,C021,2024-07-09,2024-08-08,6703.36
INV-000300,C010,2024-07-10,2024-08-09,11700.00
INV-000301,C006,2024-07-10,2024-08-24,3777.45
INV-000302,C049,2024-07-10,2024-09-08,15221.74
INV-000303,C020,2024-07-10,2024-08-09,14605.74
INV-000304,C016,2024-07-11,2024-08-10,7531.28
INV-000305,C027,2024-07-11,2024-08-10,19500.00
INV-000306,C031,2024-07-11,2024-08-10,13128.26
INV-000307,C021,2024-07-11,2024-08-10,6208.05
INV-000308,C013,2024-07-11,2024-08-10,7971.65
INV-000309,C042,2024-07-11,2024-08-10,7825.69
INV-000310,C041,2024-07-12,2024-09-10,29000.00
INV-000311,C010,2024-07-12,2024-08-11,6500.00
INV-000312,C015,2024-07-12,2024-09-10,5841.66
INV-000313,C044,2024-07-15,2024-09-13,28751.74
INV-000314,C027,2024-07-15,2024-08-14,10300.00
INV-000315,C027,2024-07-15,2024-08-14,14704.39
INV-000316,C042,2024-07-15,2024-08-14,15300.00
INV-000317,C041,2024-07-16,2024-09-14,19653.33
INV-000318,C002,2024-07-16,2024-08-15,10400.00
INV-000319,C004,2024-07-16,2024-08-15,6117.17
INV-000320,C035,2024-07-17,2024-08-16,10548.71
INV-000321,C041,2024-07-17,2024-09-15,3764.55
INV-000322,C053,2024-07-17,2024-09-15,8800.00
INV-000323,C044,2024-07-17,2024-09-15,7191.67
INV-000324,C044,2024-07-18,2024-09-16,27595.23
INV-000325,C031,2024-07-18,2024-08-17,15081.73
INV-000326,C045,2024-07-19,2024-08-18,14499.68
INV-000327,C011,2024-07-19,2024-08-18,4846.93
INV-000328,C032,2024-07-22,2024-08-21,5490.05
INV-000329,C042,2024-07-22,2024-08-21,4000.00
INV-000330,C023,2024-07-22,2024-08-21,4530.30
INV-000331,C018,2024-07-22,2024-08-21,25496.96
INV-000332,C041,2024-07-23,2024-09-21,11620.72
INV-000333,C031,2024-07-23,2024-08-22,27421.54
INV-000334,C003,2024-07-23,2024-09-21,7717.29
INV-000335,C050,2024-07-23,2024-08-22,6965.34
INV-000336,C014,2024-07-23,2024-08-22,7218.90
INV-000337,C029,2024-07-23,2024-09-06,6172.02
INV-000338,C041,2024-07-24,2024-09-22,20601.58
INV-000339,C041,2024-07-24,2024-09-22,5965.88
INV-000340,C010,2024-07-24,2024-08-23,31492.54
INV-000341,C025,2024-07-24,2024-08-23,31635.26
INV-000342,C016,2024-07-24,2024-08-23,28367.32
INV-000343,C015,2024-07-24,2024-09-22,17254.49
INV-000344,C041,2024-07-25,2024-09-23,6174.83
INV-000345,C022,2024-07-25,2024-08-24,23836.50
INV-000346,C052,2024-07-25,2024-08-24,8323.00
INV-000347,C022,2024-07-25,2024-08-24,3657.16
INV-000348,C010,2024-07-25,2024-08-24,5277.35
INV-000349,C039,2024-07-25,2024-08-24,6878.89
INV-000350,C043,2024-07-26,2024-09-24,8982.01
INV-000351,C008,2024-07-26,2024-08-25,7960.02
INV-000352,C034,2024-07-26,2024-08-25,3747.98
INV-000353,C013,2024-07-26,2024-08-25,18708.57
INV-000354,C011,2024-07-29,2024-08-28,14914.99
INV-000355,C013,2024-07-29,2024-08-28,8238.74
INV-000356,C028,2024-07-29,2024-08-28,13850.21
INV-000357,C014,2024-07-29,2024-08-28,7439.15
INV-000358,C010,2024-07-29,2024-08-28,7434.93
INV-000359,C037,2024-07-29,2024-08-28,12041.17
INV-000360,C050,2024-07-30,2024-08-29,18933.36
INV-000361,C027,2024-07-30,2024-08-29,4800.00
INV-000362,C027,2024-07-30,2024-08-29,10500.00
INV-000363,C015,2024-07-30,2024-09-28,5821.41
INV-000364,C013,2024-07-30,2024-08-29,9442.13
INV-000365,C023,2024-07-31,2024-08-30,1900.67
INV-000366,C053,2024-07-31,2024-09-29,3097.85
INV-000367,C032,2024-07-31,2024-08-30,10607.78
INV-000368,C015,2024-08-01,2024-09-30,3306.05
INV-000369,C001,2024-08-01,2024-08-31,27225.69
INV-000370,C011,2024-08-02,2024-09-01,9382.30
INV-000371,C010,2024-08-02,2024-09-01,13101.54
INV-000372,C027,2024-08-02,2024-09-01,3339.27
INV-000373,C036,2024-08-05,2024-09-04,8774.66
INV-000374,C047,2024-08-07,2024-10-06,23179.58
INV-000375,C020,2024-08-07,2024-09-06,24253.05
INV-000376,C034,2024-08-08,2024-09-07,11300.00
INV-000377,C042,2024-08-08,2024-09-07,8170.71
INV-000378,C010,2024-08-08,2024-09-07,13464.01
INV-000379,C018,2024-08-09,2024-09-08,7700.00
INV-000380,C028,2024-08-09,2024-09-08,2742.39
INV-000381,C011,2024-08-09,2024-09-08,16828.37
INV-000382,C042,2024-08-09,2024-09-08,5636.62
INV-000383,C054,2024-08-09,2024-09-08,4700.00
INV-000384,C025,2024-08-09,2024-09-08,8244.49
INV-000385,C030,2024-08-12,2024-09-26,7037.82
INV-000386,C015,2024-08-12,2024-10-11,13400.00
INV-000387,C001,2024-08-12,2024-09-11,8930.29
INV-000388,C047,2024-08-13,2024-10-12,3820.77
INV-000389,C044,2024-08-13,2024-10-12,11909.17
INV-000390,C056,2024-08-15,2024-09-29,1344.53
INV-000391,C041,2024-08-15,2024-10-14,6529.89
INV-000392,C011,2024-08-15,2024-09-14,8900.00
INV-000393,C002,2024-08-15,2024-09-14,7400.00
INV-000394,C022,2024-08-15,2024-09-14,16532.92
INV-000395,C035,2024-08-16,2024-09-15,21381.75
INV-000396,C022,2024-08-16,2024-09-15,10207.92
INV-000397,C011,2024-08-16,2024-09-15,10645.77
INV-000398,C029,2024-08-16,2024-09-30,28100.00
INV-000399,C029,2024-08-19,2024-10-03,6204.28
INV-000400,C030,2024-08-19,2024-10-03,26800.00
INV-000401,C018,2024-08-19,2024-09-18,21291.26
INV-000402,C048,2024-08-19,2024-10-03,7777.30
INV-000403,C041,2024-08-19,2024-10-18,6652.94
INV-000404,C037,2024-08-19,2024-09-18,14990.36
INV-000405,C013,2024-08-20,2024-09-19,7346.39
INV-000406,C030,2024-08-20,2024-10-04,2214.03
INV-000407,C029,2024-08-21,2024-10-05,22067.21
INV-000408,C042,2024-08-21,2024-09-20,22843.22
INV-000409,C013,2024-08-21,2024-09-20,13292.96
INV-000410,C019,2024-08-21,2024-09-20,16010.47
INV-000411,C008,2024-08-21,2024-09-20,11074.31
INV-000412,C047,2024-08-21,2024-10-20,14872.39
INV-000413,C011,2024-08-21,2024-09-20,5142.53
INV-000414,C010,2024-08-22,2024-09-21,6117.08
INV-000415,C048,2024-08-22,2024-10-06,6877.51
INV-000416,C005,2024-08-22,2024-10-21,3200.00
INV-000417,C042,2024-08-22,2024-09-21,15869.68
INV-000418,C023,2024-08-22,2024-09-21,7000.00
INV-000419,C004,2024-08-22,2024-09-21,7427.35
INV-000420,C054,2024-08-23,2024-09-22,2957.10
INV-000421,C025,2024-08-23,2024-09-22,10746.07
INV-000422,C042,2024-08-23,2024-09-22,9365.48
INV-000423,C038,2024-08-23,2024-09-22,7742.97
INV-000424,C027,2024-08-23,2024-09-22,6000.00
INV-000425,C030,2024-08-23,2024-10-07,9500.00
INV-000426,C044,2024-08-27,2024-10-26,4499.11
INV-000427,C034,2024-08-28,2024-09-27,9003.44
INV-000428,C008,2024-08-28,2024-09-27,18629.25
INV-000429,C015,2024-08-28,2024-10-27,8718.36
INV-000430,C029,2024-08-29,2024-10-13,22541.78
INV-000431,C057,2024-08-29,2024-09-28,5973.69
INV-000432,C057,2024-08-29,2024-09-28,15556.81
INV-000433,C020,2024-08-29,2024-09-28,11900.00
INV-000434,C002,2024-09-02,2024-10-02,15031.63
INV-000435,C041,2024-09-02,2024-11-01,10151.48
INV-000436,C030,2024-09-02,2024-10-17,6059.19
INV-000437,C046,2024-09-02,2024-10-02,2918.90
INV-000438,C011,2024-09-02,2024-10-02,3745.29
INV-000439,C043,2024-09-02,2024-11-01,32500.00
INV-000440,C043,2024-09-02,2024-11-01,7504.16
INV-000441,C008,2024-09-03,2024-10-03,6400.00
INV-000442,C022,2024-09-03,2024-10-03,18923.05
INV-000443,C008,2024-09-03,2024-10-03,10689.81
INV-000444,C044,2024-09-03,2024-11-02,11190.64
INV-000445,C013,2024-09-04,2024-10-04,7229.87
INV-000446,C052,2024-09-04,2024-10-04,2823.46
INV-000447,C042,2024-09-04,2024-10-04,11914.41
INV-000448,C021,2024-09-04,2024-10-04,10186.64
INV-000449,C030,2024-09-05,2024-10-20,7000.00
INV-000450,C007,2024-09-05,2024-11-04,21877.44
INV-000451,C016,2024-09-05,2024-10-05,12388.33
INV-000452,C045,2024-09-05,2024-10-05,5094.16
INV-000453,C032,2024-09-05,2024-10-05,18324.24
INV-000454,C049,2024-09-05,2024-11-04,23000.00
INV-000455,C004,2024-09-05,2024-10-05,6000.00
INV-000456,C047,2024-09-05,2024-11-04,3319.43
INV-000457,C031,2024-09-05,2024-10-05,15178.78
INV-000458,C030,2024-09-06,2024-10-21,5497.02
INV-000459,C025,2024-09-06,2024-10-06,28023.30
INV-000460,C024,2024-09-06,2024-11-05,15051.05
INV-000461,C033,2024-09-06,2024-10-06,9928.21
INV-000462,C037,2024-09-06,2024-10-06,10400.00
INV-000463,C044,2024-09-06,2024-11-05,11000.00
INV-000464,C001,2024-09-06,2024-10-06,5358.89
INV-000465,C013,2024-09-06,2024-10-06,9976.72
INV-000466,C012,2024-09-06,2024-10-06,1309.77
INV-000467,C048,2024-09-06,2024-10-21,6194.80
INV-000468,C047,2024-09-09,2024-11-08,27684.43
INV-000469,C001,2024-09-09,2024-10-09,17819.75
INV-000470,C030,2024-09-09,2024-10-24,12500.00
INV-000471,C042,2024-09-09,2024-10-09,17416.26
INV-000472,C011,2024-09-09,2024-10-09,9088.77
INV-000473,C045,2024-09-09,2024-10-09,3694.23
INV-000474,C048,2024-09-09,2024-10-24,13070.88
INV-000475,C022,2024-09-09,2024-10-09,4083.85
INV-000476,C015,2024-09-09,2024-11-08,7107.16
INV-000477,C026,2024-09-10,2024-10-10,1478.24
INV-000478,C031,2024-09-10,2024-10-10,5064.12
INV-000479,C005,2024-09-10,2024-11-09,25652.16
INV-000480,C030,2024-09-10,2024-10-25,5007.14
INV-000481,C022,2024-09-10,2024-10-10,19800.00
INV-000482,C031,2024-09-11,2024-10-11,7930.10
INV-000483,C015,2024-09-11,2024-11-10,25052.14
INV-000484,C027,2024-09-11,2024-10-11,22333.57
INV-000485,C022,2024-09-11,2024-10-11,15261.00
INV-000486,C008,2024-09-11,2024-10-11,5453.45
INV-000487,C002,2024-09-12,2024-10-12,14515.01
INV-000488,C015,2024-09-13,2024-11-12,8212.43
INV-000489,C002,2024-09-13,2024-10-13,3313.53
INV-000490,C029,2024-09-13,2024-10-28,3947.82
INV-000491,C021,2024-09-13,2024-10-13,6681.27
INV-000492,C034,2024-09-13,2024-10-13,11793.29
INV-000493,C041,2024-09-13,2024-11-12,34700.72
INV-000494,C027,2024-09-13,2024-10-13,7900.00
INV-000495,C020,2024-09-16,2024-10-16,9185.09
INV-000496,C032,2024-09-16,2024-10-16,7494.30
INV-000497,C042,2024-09-16,2024-10-16,10957.80
INV-000498,C013,2024-09-17,2024-10-17,3910.73
INV-000499,C010,2024-09-17,2024-10-17,10607.49
INV-000500,C030,2024-09-17,2024-11-01,29400.00
INV-000501,C038,2024-09-18,2024-10-18,6500.00
INV-000502,C021,2024-09-18,2024-10-18,10000.59
INV-000503,C019,2024-09-18,2024-10-18,9681.38
INV-000504,C012,2024-09-18,2024-10-18,5922.35
INV-000505,C018,2024-09-18,2024-10-18,25475.00
INV-000506,C035,2024-09-18,2024-10-18,6300.00
INV-000507,C047,2024-09-18,2024-11-17,4846.20
INV-000508,C010,2024-09-19,2024-10-19,14200.00
INV-000509,C030,2024-09-19,2024-11-03,2811.68
INV-000510,C016,2024-09-19,2024-10-19,24439.78
INV-000511,C022,2024-09-19,2024-10-19,6526.54
INV-000512,C027,2024-09-19,2024-10-19,14400.00
INV-000513,C004,2024-09-20,2024-10-20,4545.85
INV-000514,C013,2024-09-20,2024-10-20,3100.00
INV-000515,C010,2024-09-20,2024-10-20,3471.85
INV-000516,C010,2024-09-20,2024-10-20,2524.47
INV-000517,C027,2024-09-20,2024-10-20,13100.62
INV-000518,C030,2024-09-20,2024-11-04,5107.65
INV-000519,C038,2024-09-23,2024-10-23,4865.23
INV-000520,C042,2024-09-24,2024-10-24,2900.00
INV-000521,C011,2024-09-24,2024-10-24,10827.66
INV-000522,C004,2024-09-24,2024-10-24,25159.82
INV-000523,C044,2024-09-24,2024-11-23,6630.40
INV-000524,C043,2024-09-25,2024-11-24,13540.59
INV-000525,C013,2024-09-25,2024-10-25,1763.70
INV-000526,C027,2024-09-25,2024-10-25,10800.00
INV-000527,C041,2024-09-25,2024-11-24,11203.63
INV-000528,C015,2024-09-25,2024-11-24,4624.35
INV-000529,C039,2024-09-25,2024-10-25,3518.47
INV-000530,C042,2024-09-25,2024-10-25,26786.57
INV-000531,C013,2024-09-26,2024-10-26,6552.68
INV-000532,C041,2024-09-26,2024-11-25,19584.20
INV-000533,C031,2024-09-26,2024-10-26,6849.86
INV-000534,C037,2024-09-26,2024-10-26,11257.41
INV-000535,C002,2024-09-27,2024-10-27,5639.80
INV-000536,C015,2024-09-27,2024-11-26,7810.56
INV-000537,C042,2024-09-27,2024-10-27,13553.25
INV-000538,C034,2024-09-27,2024-10-27,6895.57
INV-000539,C049,2024-09-30,2024-11-29,13912.70
INV-000540,C039,2024-09-30,2024-10-30,1591.15
INV-000541,C041,2024-09-30,2024-11-29,2488.73
INV-000542,C032,2024-09-30,2024-10-30,2887.83
INV-000543,C013,2024-09-30,2024-10-30,6490.32
INV-000544,C011,2024-09-30,2024-10-30,13160.29
INV-000545,C007,2024-09-30,2024-11-29,10693.87
INV-000546,C012,2024-09-30,2024-10-30,3823.10
INV-000547,C036,2024-10-01,2024-10-31,19456.38
INV-000548,C042,2024-10-02,2024-11-01,5138.94
INV-000549,C044,2024-10-02,2024-12-01,10403.89
INV-000550,C041,2024-10-02,2024-12-01,9237.53
INV-000551,C040,2024-10-02,2024-11-01,3434.23
INV-000552,C041,2024-10-03,2024-12-02,10529.49
INV-000553,C013,2024-10-03,2024-11-02,5100.00
INV-000554,C028,2024-10-03,2024-11-02,8998.66
INV-000555,C010,2024-10-03,2024-11-02,14015.43
INV-000556,C011,2024-10-04,2024-11-03,7937.03
INV-000557,C057,2024-10-04,2024-11-03,5940.37
INV-000558,C027,2024-10-04,2024-11-03,17200.00
INV-000559,C036,2024-10-07,2024-11-06,7842.45
INV-000560,C027,2024-10-07,2024-11-06,8893.11
INV-000561,C031,2024-10-07,2024-11-06,14510.55
INV-000562,C013,2024-10-08,2024-11-07,8951.41
INV-000563,C029,2024-10-08,2024-11-22,4375.99
INV-000564,C053,2024-10-08,2024-12-07,4053.38
INV-000565,C002,2024-10-09,2024-11-08,5263.83
INV-000566,C027,2024-10-09,2024-11-08,3697.84
INV-000567,C055,2024-10-09,2024-11-08,22782.60
INV-000568,C001,2024-10-09,2024-11-08,13842.49
INV-000569,C053,2024-10-10,2024-12-09,7858.59
INV-000570,C022,2024-10-10,2024-11-09,10095.09
INV-000571,C044,2024-10-10,2024-12-09,11302.92
INV-000572,C005,2024-10-10,2024-12-09,15700.00
INV-000573,C041,2024-10-11,2024-12-10,23843.80
INV-000574,C058,2024-10-11,2024-11-10,4874.10
INV-000575,C011,2024-10-14,2024-11-13,16024.12
INV-000576,C001,2024-10-14,2024-11-13,35700.00
INV-000577,C057,2024-10-14,2024-11-13,20708.20
INV-000578,C050,2024-10-14,2024-11-13,5815.67
INV-000579,C022,2024-10-15,2024-11-14,11190.26
INV-000580,C031,2024-10-15,2024-11-14,13484.01
INV-000581,C007,2024-10-15,2024-12-14,16495.11
INV-000582,C010,2024-10-16,2024-11-15,22895.68
INV-000583,C037,2024-10-16,2024-11-15,14598.32
INV-000584,C033,2024-10-16,2024-11-15,11477.15
INV-000585,C012,2024-10-17,2024-11-16,6453.38
INV-000586,C027,2024-10-17,2024-11-16,11340.16
INV-000587,C046,2024-10-17,2024-11-16,6059.05
INV-000588,C025,2024-10-17,2024-11-16,7785.60
INV-000589,C020,2024-10-17,2024-11-16,22883.75
INV-000590,C005,2024-10-18,2024-12-17,4944.34
INV-000591,C042,2024-10-18,2024-11-17,12004.00
INV-000592,C049,2024-10-18,2024-12-17,8118.09
INV-000593,C034,2024-10-18,2024-11-17,15101.51
INV-000594,C030,2024-10-21,2024-12-05,4061.33
INV-000595,C027,2024-10-21,2024-11-20,15988.45
INV-000596,C015,2024-10-21,2024-12-20,2500.00
INV-000597,C057,2024-10-22,2024-11-21,2259.77
INV-000598,C036,2024-10-22,2024-11-21,7162.53
INV-000599,C044,2024-10-22,2024-12-21,16941.29
INV-000600,C015,2024-10-22,2024-12-21,5200.00
INV-000601,C036,2024-10-22,2024-11-21,6846.89
INV-000602,C048,2024-10-22,2024-12-06,9800.00
INV-000603,C053,2024-10-23,2024-12-22,3126.93
INV-000604,C029,2024-10-23,2024-12-07,18057.52
INV-000605,C013,2024-10-23,2024-11-22,14197.66
INV-000606,C036,2024-10-23,2024-11-22,14326.67
INV-000607,C025,2024-10-24,2024-11-23,5542.05
INV-000608,C046,2024-10-24,2024-11-23,1921.77
INV-000609,C002,2024-10-24,2024-11-23,12007.17
INV-000610,C042,2024-10-24,2024-11-23,6400.00
INV-000611,C015,2024-10-24,2024-12-23,2292.88
INV-000612,C057,2024-10-24,2024-11-23,8744.86
INV-000613,C020,2024-10-24,2024-11-23,32263.78
INV-000614,C030,2024-10-25,2024-12-09,21900.00
INV-000615,C027,2024-10-25,2024-11-24,2547.27
INV-000616,C011,2024-10-25,2024-11-24,4666.06
INV-000617,C053,2024-10-25,2024-12-24,12506.01
INV-000618,C002,2024-10-28,2024-11-27,5341.56
INV-000619,C049,2024-10-28,2024-12-27,20629.60
INV-000620,C004,2024-10-28,2024-11-27,9270.29
INV-000621,C027,2024-10-28,2024-11-27,14418.86
INV-000622,C035,2024-10-28,2024-11-27,6114.30
INV-000623,C032,2024-10-29,2024-11-28,14813.79
INV-000624,C032,2024-10-29,2024-11-28,7755.70
INV-000625,C030,2024-10-29,2024-12-13,3748.31
INV-000626,C015,2024-10-29,2024-12-28,4700.00
INV-000627,C024,2024-10-30,2024-12-29,5197.29
INV-000628,C049,2024-10-30,2024-12-29,9276.22
INV-000629,C037,2024-10-30,2024-11-29,4263.45
INV-000630,C022,2024-10-30,2024-11-29,11201.78
INV-000631,C023,2024-10-30,2024-11-29,9919.93
INV-000632,C012,2024-10-30,2024-11-29,30674.38
INV-000633,C027,2024-10-31,2024-11-30,7934.86
INV-000634,C041,2024-10-31,2024-12-30,3405.00
INV-000635,C042,2024-10-31,2024-11-30,5426.24
INV-000636,C010,2024-10-31,2024-11-30,12548.56
INV-000637,C025,2024-11-01,2024-12-01,38901.57
INV-000638,C031,2024-11-01,2024-12-01,6050.29
INV-000639,C057,2024-11-01,2024-12-01,11938.13
INV-000640,C046,2024-11-01,2024-12-01,8243.92
INV-000641,C022,2024-11-01,2024-12-01,7803.24
INV-000642,C010,2024-11-01,2024-12-01,10318.87
INV-000643,C043,2024-11-01,2024-12-31,18995.90
INV-000644,C032,2024-11-04,2024-12-04,9914.60
INV-000645,C027,2024-11-04,2024-12-04,13856.25
INV-000646,C015,2024-11-04,2025-01-03,7279.39
INV-000647,C015,2024-11-04,2025-01-03,8900.00
INV-000648,C010,2024-11-04,2024-12-04,5200.37
INV-000649,C020,2024-11-04,2024-12-04,5551.84
INV-000650,C011,2024-11-04,2024-12-04,6684.78
INV-000651,C041,2024-11-05,2025-01-04,7654.25
INV-000652,C002,2024-11-05,2024-12-05,15695.04
INV-000653,C046,2024-11-05,2024-12-05,24193.96
INV-000654,C006,2024-11-05,2024-12-20,1858.15
INV-000655,C051,2024-11-05,2024-12-05,2809.43
INV-000656,C037,2024-11-06,2024-12-06,4312.21
INV-000657,C008,2024-11-06,2024-12-06,13013.15
INV-000658,C010,2024-11-06,2024-12-06,3914.16
INV-000659,C027,2024-11-06,2024-12-06,5816.19
INV-000660,C023,2024-11-06,2024-12-06,4346.76
INV-000661,C044,2024-11-06,2025-01-05,7487.45
INV-000662,C023,2024-11-06,2024-12-06,18671.59
INV-000663,C020,2024-11-07,2024-12-07,17774.94
INV-000664,C023,2024-11-07,2024-12-07,24945.60
INV-000665,C014,2024-11-07,2024-12-07,11840.37
INV-000666,C013,2024-11-07,2024-12-07,2647.55
INV-000667,C011,2024-11-08,2024-12-08,3464.48
INV-000668,C041,2024-11-08,2025-01-07,12778.05
INV-000669,C042,2024-11-08,2024-12-08,5400.00
INV-000670,C030,2024-11-08,2024-12-23,25344.14
INV-000671,C015,2024-11-08,2025-01-07,7916.25
INV-000672,C053,2024-11-08,2025-01-07,3000.00
INV-000673,C057,2024-11-08,2024-12-08,24349.58
INV-000674,C014,2024-11-11,2024-12-11,4421.64
INV-000675,C037,2024-11-11,2024-12-11,10920.41
INV-000676,C019,2024-11-11,2024-12-11,8179.42
INV-000677,C021,2024-11-11,2024-12-11,6300.00
INV-000678,C051,2024-11-11,2024-12-11,4788.09
INV-000679,C015,2024-11-11,2025-01-10,10000.00
INV-000680,C043,2024-11-11,2025-01-10,35775.91
INV-000681,C057,2024-11-11,2024-12-11,5396.12
INV-000682,C001,2024-11-12,2024-12-12,12241.01
INV-000683,C047,2024-11-12,2025-01-11,23187.56
INV-000684,C015,2024-11-12,2025-01-11,18041.67
INV-000685,C029,2024-11-12,2024-12-27,6300.00
INV-000686,C033,2024-11-12,2024-12-12,3488.16
INV-000687,C057,2024-11-12,2024-12-12,10000.00
INV-000688,C041,2024-11-13,2025-01-12,25562.05
INV-000689,C034,2024-11-13,2024-12-13,5282.15
INV-000690,C021,2024-11-13,2024-12-13,3693.27
INV-000691,C043,2024-11-13,2025-01-12,12299.41
INV-000692,C027,2024-11-14,2024-12-14,4348.40
INV-000693,C001,2024-11-14,2024-12-14,4699.58
INV-000694,C031,2024-11-14,2024-12-14,5640.86
INV-000695,C037,2024-11-14,2024-12-14,10327.74
INV-000696,C031,2024-11-14,2024-12-14,16153.94
INV-000697,C056,2024-11-14,2024-12-29,2000.00
INV-000698,C016,2024-11-15,2024-12-15,5859.28
INV-000699,C018,2024-11-15,2024-12-15,6001.18
INV-000700,C004,2024-11-15,2024-12-15,4731.99
INV-000701,C038,2024-11-15,2024-12-15,4926.36
INV-000702,C021,2024-11-15,2024-12-15,18106.12
INV-000703,C034,2024-11-15,2024-12-15,16338.80
INV-000704,C057,2024-11-18,2024-12-18,2894.78
INV-000705,C019,2024-11-18,2024-12-18,14726.09
INV-000706,C001,2024-11-18,2024-12-18,7003.54
INV-000707,C014,2024-11-19,2024-12-19,10731.65
INV-000708,C031,2024-11-19,2024-12-19,7288.58
INV-000709,C019,2024-11-19,2024-12-19,4401.14
INV-000710,C034,2024-11-19,2024-12-19,2134.59
INV-000711,C031,2024-11-19,2024-12-19,7450.40
INV-000712,C022,2024-11-20,2024-12-20,5190.55
INV-000713,C029,2024-11-20,2025-01-04,10574.23
INV-000714,C009,2024-11-20,2024-12-20,6300.00
INV-000715,C044,2024-11-20,2025-01-19,13061.51
INV-000716,C016,2024-11-20,2024-12-20,9140.26
INV-000717,C043,2024-11-20,2025-01-19,11469.13
INV-000718,C010,2024-11-20,2024-12-20,3509.43
INV-000719,C037,2024-11-20,2024-12-20,13903.70
INV-000720,C010,2024-11-21,2024-12-21,14699.83
INV-000721,C013,2024-11-21,2024-12-21,9420.56
INV-000722,C015,2024-11-21,2025-01-20,11403.94
INV-000723,C057,2024-11-21,2024-12-21,3769.90
INV-000724,C050,2024-11-22,2024-12-22,17700.00
INV-000725,C041,2024-11-22,2025-01-21,12729.00
INV-000726,C037,2024-11-22,2024-12-22,16300.00
INV-000727,C032,2024-11-22,2024-12-22,5894.29
INV-000728,C037,2024-11-22,2024-12-22,4331.65
INV-000729,C024,2024-11-22,2025-01-21,9600.00
INV-000730,C015,2024-11-25,2025-01-24,5400.00
INV-000731,C047,2024-11-25,2025-01-24,10100.00
INV-000732,C058,2024-11-25,2024-12-25,6401.12
INV-000733,C057,2024-11-26,2024-12-26,6115.49
INV-000734,C043,2024-11-26,2025-01-25,8944.33
INV-000735,C027,2024-11-26,2024-12-26,4594.22
INV-000736,C001,2024-11-27,2024-12-27,5015.84
INV-000737,C021,2024-11-27,2024-12-27,15800.00
INV-000738,C013,2024-11-27,2024-12-27,9135.88
INV-000739,C038,2024-11-27,2024-12-27,31817.06
INV-000740,C013,2024-11-27,2024-12-27,604.32
INV-000741,C031,2024-11-27,2024-12-27,5242.01
INV-000742,C004,2024-11-27,2024-12-27,11266.73
INV-000743,C051,2024-11-27,2024-12-27,2531.71
INV-000744,C017,2024-11-28,2025-01-27,7263.12
INV-000745,C001,2024-11-28,2024-12-28,9867.95
INV-000746,C037,2024-11-28,2024-12-28,9385.65
INV-000747,C010,2024-11-28,2024-12-28,4864.61
INV-000748,C044,2024-11-28,2025-01-27,39714.31
INV-000749,C015,2024-11-28,2025-01-27,12500.53
INV-000750,C027,2024-11-29,2024-12-29,9038.45
INV-000751,C055,2024-11-29,2024-12-29,18634.11
INV-000752,C025,2024-11-29,2024-12-29,20951.90
INV-000753,C027,2024-11-29,2024-12-29,3772.95
INV-000754,C042,2024-11-29,2024-12-29,6554.38
INV-000755,C038,2024-11-29,2024-12-29,12687.61
INV-000756,C011,2024-11-29,2024-12-29,3365.06
INV-000757,C038,2024-12-02,2025-01-01,2657.75
INV-000758,C041,2024-12-02,2025-01-31,3316.12
INV-000759,C043,2024-12-02,2025-01-31,8966.98
INV-000760,C022,2024-12-03,2025-01-02,8412.27
INV-000761,C027,2024-12-03,2025-01-02,13178.08
INV-000762,C027,2024-12-03,2025-01-02,5600.00
INV-000763,C030,2024-12-04,2025-01-18,24200.00
INV-000764,C057,2024-12-04,2025-01-03,6058.01
INV-000765,C044,2024-12-04,2025-02-02,10500.00
INV-000766,C017,2024-12-04,2025-02-02,19000.00
INV-000767,C042,2024-12-04,2025-01-03,4870.87
INV-000768,C015,2024-12-05,2025-02-03,3815.50
INV-000769,C021,2024-12-05,2025-01-04,13858.00
INV-000770,C041,2024-12-05,2025-02-03,4000.00
INV-000771,C033,2024-12-05,2025-01-04,5699.59
INV-000772,C043,2024-12-06,2025-02-04,14577.14
INV-000773,C044,2024-12-06,2025-02-04,7889.53
INV-000774,C032,2024-12-06,2025-01-05,5465.35
INV-000775,C022,2024-12-06,2025-01-05,4657.71
INV-000776,C057,2024-12-09,2025-01-08,17744.40
INV-000777,C027,2024-12-09,2025-01-08,20385.90
INV-000778,C038,2024-12-09,2025-01-08,4980.52
INV-000779,C027,2024-12-09,2025-01-08,6154.03
INV-000780,C008,2024-12-09,2025-01-08,16624.43
INV-000781,C056,2024-12-10,2025-01-24,4828.66
INV-000782,C029,2024-12-10,2025-01-24,4280.27
INV-000783,C035,2024-12-11,2025-01-10,22880.92
INV-000784,C031,2024-12-11,2025-01-10,11077.99
INV-000785,C015,2024-12-11,2025-02-09,14900.00
INV-000786,C038,2024-12-11,2025-01-10,4670.87
INV-000787,C029,2024-12-12,2025-01-26,11781.21
INV-000788,C015,2024-12-12,2025-02-10,3352.63
INV-000789,C027,2024-12-12,2025-01-11,8844.29
INV-000790,C057,2024-12-12,2025-01-11,2400.80
INV-000791,C022,2024-12-13,2025-01-12,8800.00
INV-000792,C057,2024-12-13,2025-01-12,23747.48
INV-000793,C010,2024-12-13,2025-01-12,6355.47
INV-000794,C056,2024-12-13,2025-01-27,9800.00
INV-000795,C031,2024-12-13,2025-01-12,18160.01
INV-000796,C014,2024-12-13,2025-01-12,27450.94
INV-000797,C057,2024-12-16,2025-01-15,10382.97
INV-000798,C011,2024-12-16,2025-01-15,12002.67
INV-000799,C013,2024-12-17,2025-01-16,5850.07
INV-000800,C027,2024-12-17,2025-01-16,5592.56
INV-000801,C041,2024-12-17,2025-02-15,18282.75
INV-000802,C027,2024-12-17,2025-01-16,11045.62
INV-000803,C018,2024-12-18,2025-01-17,5906.52
INV-000804,C037,2024-12-18,2025-01-17,9100.00
INV-000805,C044,2024-12-18,2025-02-16,9090.32
INV-000806,C031,2024-12-18,2025-01-17,4043.71
INV-000807,C021,2024-12-18,2025-01-17,7547.17
INV-000808,C011,2024-12-19,2025-01-18,25301.51
INV-000809,C027,2024-12-19,2025-01-18,6733.26
INV-000810,C016,2024-12-19,2025-01-18,28267.94
INV-000811,C037,2024-12-19,2025-01-18,3119.21
INV-000812,C057,2024-12-19,2025-01-18,10117.72
INV-000813,C015,2024-12-19,2025-02-17,7078.74
INV-000814,C012,2024-12-19,2025-01-18,8951.18
INV-000815,C029,2024-12-20,2025-02-03,6304.59
INV-000816,C023,2024-12-20,2025-01-19,6517.44
INV-000817,C060,2024-12-20,2025-01-19,20545.47
INV-000818,C057,2024-12-20,2025-01-19,6258.98
INV-000819,C002,2024-12-20,2025-01-19,11106.49
INV-000820,C043,2024-12-23,2025-02-21,6462.10
INV-000821,C004,2024-12-23,2025-01-22,5408.38
INV-000822,C031,2024-12-23,2025-01-22,1900.00
INV-000823,C010,2024-12-23,2025-01-22,11050.00
INV-000824,C019,2024-12-23,2025-01-22,12184.96
INV-000825,C013,2024-12-23,2025-01-22,20690.41
INV-000826,C013,2024-12-23,2025-01-22,6403.59
INV-000827,C037,2024-12-24,2025-01-23,8131.14
INV-000828,C001,2024-12-24,2025-01-23,17033.86
INV-000829,C019,2024-12-24,2025-01-23,6824.14
INV-000830,C002,2024-12-24,2025-01-23,10100.00
INV-000831,C060,2024-12-27,2025-01-26,33886.19
INV-000832,C012,2024-12-27,2025-01-26,3564.50
INV-000833,C006,2024-12-27,2025-02-10,9736.98
INV-000834,C057,2024-12-27,2025-01-26,29720.32
INV-000835,C015,2024-12-27,2025-02-25,18759.11
INV-000836,C041,2024-12-30,2025-02-28,3288.48
INV-000837,C041,2024-12-30,2025-02-28,7338.05
INV-000838,C017,2024-12-31,2025-03-01,14103.82
INV-000839,C004,2024-12-31,2025-01-30,4142.81
INV-000840,C048,2024-12-31,2025-02-14,11369.08
INV-000841,C001,2025-01-02,2025-02-01,11922.45
INV-000842,C041,2025-01-02,2025-03-03,10893.11
INV-000843,C060,2025-01-03,2025-02-02,6244.21
INV-000844,C015,2025-01-03,2025-03-04,13000.00
INV-000845,C012,2025-01-03,2025-02-02,4664.77
INV-000846,C001,2025-01-03,2025-02-02,8892.08
INV-000847,C009,2025-01-03,2025-02-02,7700.00
INV-000848,C041,2025-01-06,2025-03-07,9009.82
INV-000849,C011,2025-01-06,2025-02-05,11618.40
INV-000850,C037,2025-01-06,2025-02-05,31203.41
INV-000851,C001,2025-01-06,2025-02-05,8669.63
INV-000852,C027,2025-01-07,2025-02-06,9406.37
INV-000853,C001,2025-01-07,2025-02-06,10600.00
INV-000854,C051,2025-01-08,2025-02-07,5800.00
INV-000855,C018,2025-01-08,2025-02-07,13021.64
INV-000856,C024,2025-01-08,2025-03-09,15100.00
INV-000857,C033,2025-01-08,2025-02-07,6890.43
INV-000858,C025,2025-01-08,2025-02-07,10893.38
INV-000859,C027,2025-01-09,2025-02-08,10100.00
INV-000860,C042,2025-01-09,2025-02-08,10389.81
INV-000861,C051,2025-01-09,2025-02-08,6083.60
INV-000862,C057,2025-01-09,2025-02-08,1657.28
INV-000863,C038,2025-01-09,2025-02-08,24795.12
INV-000864,C013,2025-01-10,2025-02-09,3112.20
INV-000865,C031,2025-01-10,2025-02-09,10300.00
INV-000866,C002,2025-01-10,2025-02-09,6240.22
INV-000867,C041,2025-01-13,2025-03-14,8900.00
INV-000868,C029,2025-01-13,2025-02-27,12655.53
INV-000869,C030,2025-01-13,2025-02-27,29710.07
INV-000870,C033,2025-01-13,2025-02-12,7867.02
INV-000871,C030,2025-01-13,2025-02-27,3900.00
INV-000872,C037,2025-01-13,2025-02-12,5800.00
INV-000873,C058,2025-01-13,2025-02-12,14058.49
INV-000874,C030,2025-01-14,2025-02-28,3681.18
INV-000875,C042,2025-01-15,2025-02-14,36300.00
INV-000876,C036,2025-01-15,2025-02-14,16680.12
INV-000877,C013,2025-01-16,2025-02-15,2736.22
INV-000878,C031,2025-01-16,2025-02-15,4612.44
INV-000879,C029,2025-01-16,2025-03-02,17652.40
INV-000880,C008,2025-01-16,2025-02-15,22295.16
INV-000881,C036,2025-01-16,2025-02-15,13386.89
INV-000882,C015,2025-01-16,2025-03-17,11287.43
INV-000883,C041,2025-01-17,2025-03-18,8668.92
INV-000884,C011,2025-01-17,2025-02-16,7600.00
INV-000885,C025,2025-01-17,2025-02-16,6127.70
INV-000886,C030,2025-01-20,2025-03-06,5812.17
INV-000887,C008,2025-01-20,2025-02-19,10443.72
INV-000888,C014,2025-01-20,2025-02-19,13734.99
INV-000889,C030,2025-01-20,2025-03-06,7500.00
INV-000890,C030,2025-01-20,2025-03-06,12757.17
INV-000891,C034,2025-01-21,2025-02-20,10654.66
INV-000892,C010,2025-01-21,2025-02-20,4308.39
INV-000893,C013,2025-01-21,2025-02-20,6072.67
INV-000894,C020,2025-01-21,2025-02-20,23842.48
INV-000895,C020,2025-01-21,2025-02-20,7123.29
INV-000896,C011,2025-01-22,2025-02-21,7532.41
INV-000897,C053,2025-01-22,2025-03-23,22836.04
INV-000898,C011,2025-01-23,2025-02-22,6205.16
INV-000899,C042,2025-01-23,2025-02-22,7400.00
INV-000900,C048,2025-01-23,2025-03-09,9387.11
INV-000901,C027,2025-01-23,2025-02-22,5400.00
INV-000902,C011,2025-01-24,2025-02-23,8614.39
INV-000903,C011,2025-01-24,2025-02-23,5100.00
INV-000904,C014,2025-01-27,2025-02-26,5007.75
INV-000905,C044,2025-01-27,2025-03-28,21554.42
INV-000906,C029,2025-01-27,2025-03-13,6213.89
INV-000907,C020,2025-01-27,2025-02-26,4200.00
INV-000908,C034,2025-01-28,2025-02-27,6356.42
INV-000909,C005,2025-01-28,2025-03-29,7311.50
INV-000910,C057,2025-01-28,2025-02-27,10062.60
INV-000911,C030,2025-01-29,2025-03-15,9459.12
INV-000912,C030,2025-01-29,2025-03-15,4920.28
INV-000913,C022,2025-01-29,2025-02-28,7678.45
INV-000914,C039,2025-01-29,2025-02-28,5423.32
INV-000915,C042,2025-01-29,2025-02-28,8135.59
INV-000916,C041,2025-01-29,2025-03-30,10763.25
INV-000917,C041,2025-01-30,2025-03-31,6016.22
INV-000918,C021,2025-01-30,2025-03-01,10695.42
INV-000919,C049,2025-01-30,2025-03-31,13000.00
INV-000920,C017,2025-01-30,2025-03-31,3498.72
INV-000921,C030,2025-01-30,2025-03-16,2994.03
INV-000922,C041,2025-01-31,2025-04-01,6600.00
INV-000923,C021,2025-01-31,2025-03-02,20445.96
INV-000924,C057,2025-01-31,2025-03-02,2162.57
INV-000925,C047,2025-01-31,2025-04-01,16841.28
INV-000926,C010,2025-01-31,2025-03-02,8965.82
INV-000927,C020,2025-01-31,2025-03-02,16387.02
INV-000928,C044,2025-01-31,2025-04-01,13200.18
INV-000929,C013,2025-02-03,2025-03-05,15204.39
INV-000930,C027,2025-02-03,2025-03-05,9082.38
INV-000931,C041,2025-02-03,2025-04-04,4570.18
INV-000932,C016,2025-02-03,2025-03-05,9740.37
INV-000933,C057,2025-02-03,2025-03-05,12160.72
INV-000934,C043,2025-02-03,2025-04-04,11170.76
INV-000935,C002,2025-02-03,2025-03-05,13123.19
INV-000936,C044,2025-02-03,2025-04-04,6745.82
INV-000937,C031,2025-02-03,2025-03-05,5832.76
INV-000938,C022,2025-02-03,2025-03-05,12552.39
INV-000939,C009,2025-02-04,2025-03-06,5614.63
INV-000940,C032,2025-02-04,2025-03-06,16763.60
INV-000941,C020,2025-02-04,2025-03-06,12895.55
INV-000942,C031,2025-02-05,2025-03-07,4544.61
INV-000943,C025,2025-02-05,2025-03-07,13534.39
INV-000944,C056,2025-02-05,2025-03-22,6421.48
INV-000945,C002,2025-02-05,2025-03-07,38804.86
INV-000946,C030,2025-02-06,2025-03-23,1714.15
INV-000947,C033,2025-02-07,2025-03-09,3983.74
INV-000948,C060,2025-02-07,2025-03-09,3500.00
INV-000949,C027,2025-02-07,2025-03-09,8592.25
INV-000950,C044,2025-02-07,2025-04-08,8634.73
INV-000951,C042,2025-02-07,2025-03-09,10974.26
INV-000952,C019,2025-02-10,2025-03-12,6629.47
INV-000953,C013,2025-02-10,2025-03-12,4232.81
INV-000954,C041,2025-02-10,2025-04-11,5202.11
INV-000955,C015,2025-02-10,2025-04-11,6551.30
INV-000956,C015,2025-02-10,2025-04-11,10000.00
INV-000957,C003,2025-02-10,2025-04-11,12597.59
INV-000958,C034,2025-02-11,2025-03-13,16459.68
INV-000959,C037,2025-02-11,2025-03-13,6560.94
INV-000960,C021,2025-02-11,2025-03-13,10675.22
INV-000961,C020,2025-02-11,2025-03-13,10353.33
INV-000962,C022,2025-02-11,2025-03-13,4100.00
INV-000963,C053,2025-02-11,2025-04-12,8232.97
INV-000964,C060,2025-02-11,2025-03-13,9369.88
INV-000965,C043,2025-02-11,2025-04-12,6202.39
INV-000966,C004,2025-02-11,2025-03-13,12399.34
INV-000967,C033,2025-02-12,2025-03-14,21100.00
INV-000968,C015,2025-02-12,2025-04-13,6150.86
INV-000969,C050,2025-02-12,2025-03-14,9515.56
INV-000970,C031,2025-02-12,2025-03-14,9349.72
INV-000971,C050,2025-02-13,2025-03-15,4161.28
INV-000972,C057,2025-02-13,2025-03-15,2905.54
INV-000973,C001,2025-02-13,2025-03-15,13100.00
INV-000974,C030,2025-02-13,2025-03-30,4700.77
INV-000975,C042,2025-02-13,2025-03-15,20086.32
INV-000976,C055,2025-02-13,2025-03-15,11589.56
INV-000977,C019,2025-02-14,2025-03-16,6110.19
INV-000978,C041,2025-02-14,2025-04-15,17507.68
INV-000979,C045,2025-02-14,2025-03-16,6513.00
INV-000980,C031,2025-02-14,2025-03-16,15805.96
INV-000981,C030,2025-02-14,2025-03-31,38900.00
INV-000982,C053,2025-02-17,2025-04-18,8737.10
INV-000983,C045,2025-02-17,2025-03-19,33912.12
INV-000984,C002,2025-02-17,2025-03-19,19505.21
INV-000985,C041,2025-02-17,2025-04-18,4338.41
INV-000986,C057,2025-02-18,2025-03-20,6858.83
INV-000987,C044,2025-02-18,2025-04-19,11900.00
INV-000988,C031,2025-02-18,2025-03-20,4992.55
INV-000989,C049,2025-02-18,2025-04-19,10647.60
INV-000990,C020,2025-02-18,2025-03-20,2600.00
INV-000991,C021,2025-02-19,2025-03-21,20255.29
INV-000992,C009,2025-02-19,2025-03-21,20774.31
INV-000993,C018,2025-02-19,2025-03-21,9500.00
INV-000994,C041,2025-02-20,2025-04-21,8716.04
INV-000995,C011,2025-02-20,2025-03-22,6604.35
INV-000996,C021,2025-02-20,2025-03-22,15082.15
INV-000997,C040,2025-02-21,2025-03-23,9145.51
INV-000998,C041,2025-02-21,2025-04-22,2935.68
INV-000999,C057,2025-02-24,2025-03-26,20016.38
INV-001000,C015,2025-02-25,2025-04-26,18333.64
INV-001001,C013,2025-02-25,2025-03-27,32909.22
INV-001002,C015,2025-02-25,2025-04-26,8161.47
INV-001003,C004,2025-02-25,2025-03-27,4444.19
INV-001004,C013,2025-02-25,2025-03-27,6100.00
INV-001005,C038,2025-02-25,2025-03-27,6687.46
INV-001006,C014,2025-02-25,2025-03-27,5173.52
INV-001007,C057,2025-02-26,2025-03-28,17633.37
INV-001008,C043,2025-02-26,2025-04-27,8200.00
INV-001009,C037,2025-02-26,2025-03-28,5006.22
INV-001010,C036,2025-02-26,2025-03-28,7300.00
INV-001011,C011,2025-02-26,2025-03-28,5800.00
INV-001012,C039,2025-02-27,2025-03-29,2268.22
INV-001013,C011,2025-02-27,2025-03-29,18614.37
INV-001014,C015,2025-02-27,2025-04-28,9077.25
INV-001015,C057,2025-02-27,2025-03-29,8279.26
INV-001016,C031,2025-02-27,2025-03-29,18066.41
INV-001017,C037,2025-02-27,2025-03-29,19846.97
INV-001018,C015,2025-02-27,2025-04-28,7560.33
INV-001019,C057,2025-02-27,2025-03-29,2764.07
INV-001020,C031,2025-02-27,2025-03-29,9453.36
INV-001021,C043,2025-02-28,2025-04-29,10500.00
INV-001022,C027,2025-02-28,2025-03-30,8709.74
INV-001023,C007,2025-03-03,2025-05-02,8090.18
INV-001024,C046,2025-03-03,2025-04-02,3172.21
INV-001025,C027,2025-03-03,2025-04-02,4100.42
INV-001026,C003,2025-03-03,2025-05-02,8295.97
INV-001027,C036,2025-03-04,2025-04-03,19404.99
INV-001028,C002,2025-03-04,2025-04-03,8228.65
INV-001029,C013,2025-03-04,2025-04-03,5272.70
INV-001030,C029,2025-03-04,2025-04-18,11992.76
INV-001031,C002,2025-03-04,2025-04-03,6780.56
INV-001032,C011,2025-03-04,2025-04-03,3617.16
INV-001033,C011,2025-03-04,2025-04-03,2735.95
INV-001034,C057,2025-03-04,2025-04-03,19251.86
INV-001035,C003,2025-03-04,2025-05-03,9168.68
INV-001036,C042,2025-03-05,2025-04-04,5572.45
INV-001037,C041,2025-03-05,2025-05-04,12402.28
INV-001038,C008,2025-03-05,2025-04-04,10628.99
INV-001039,C041,2025-03-05,2025-05-04,7300.00
INV-001040,C027,2025-03-05,2025-04-04,9300.00
INV-001041,C051,2025-03-05,2025-04-04,3555.07
INV-001042,C027,2025-03-05,2025-04-04,10277.67
INV-001043,C002,2025-03-06,2025-04-05,7369.17
INV-001044,C037,2025-03-06,2025-04-05,11400.00
INV-001045,C030,2025-03-06,2025-04-20,16523.67
INV-001046,C037,2025-03-06,2025-04-05,36233.41
INV-001047,C015,2025-03-06,2025-05-05,3674.95
INV-001048,C054,2025-03-06,2025-04-05,5769.83
INV-001049,C012,2025-03-06,2025-04-05,2208.00
INV-001050,C009,2025-03-06,2025-04-05,5986.60
INV-001051,C037,2025-03-07,2025-04-06,14711.44
INV-001052,C057,2025-03-07,2025-04-06,16400.00
INV-001053,C038,2025-03-07,2025-04-06,16571.46
INV-001054,C012,2025-03-07,2025-04-06,8657.19
INV-001055,C057,2025-03-07,2025-04-06,3705.65
INV-001056,C031,2025-03-07,2025-04-06,4068.74
INV-001057,C031,2025-03-07,2025-04-06,8700.00
INV-001058,C042,2025-03-07,2025-04-06,3319.57
INV-001059,C025,2025-03-10,2025-04-09,7800.00
INV-001060,C007,2025-03-10,2025-05-09,18271.29
INV-001061,C051,2025-03-10,2025-04-09,21866.08
INV-001062,C010,2025-03-10,2025-04-09,5272.10
INV-001063,C003,2025-03-10,2025-05-09,10090.01
INV-001064,C018,2025-03-11,2025-04-10,16021.82
INV-001065,C011,2025-03-11,2025-04-10,19749.04
INV-001066,C013,2025-03-11,2025-04-10,6401.95
INV-001067,C012,2025-03-11,2025-04-10,25130.22
INV-001068,C043,2025-03-11,2025-05-10,17936.42
INV-001069,C027,2025-03-11,2025-04-10,7667.84
INV-001070,C041,2025-03-12,2025-05-11,8135.04
INV-001071,C009,2025-03-12,2025-04-11,8738.00
INV-001072,C015,2025-03-12,2025-05-11,8803.71
INV-001073,C004,2025-03-12,2025-04-11,17843.97
INV-001074,C024,2025-03-12,2025-05-11,13400.00
INV-001075,C002,2025-03-12,2025-04-11,20317.59
INV-001076,C057,2025-03-12,2025-04-11,5740.65
INV-001077,C018,2025-03-12,2025-04-11,9702.45
INV-001078,C027,2025-03-12,2025-04-11,10617.98
INV-001079,C024,2025-03-13,2025-05-12,11804.17
INV-001080,C030,2025-03-13,2025-04-27,7702.50
INV-001081,C039,2025-03-13,2025-04-12,13237.23
INV-001082,C041,2025-03-13,2025-05-12,8378.70
INV-001083,C017,2025-03-13,2025-05-12,18513.75
INV-001084,C014,2025-03-13,2025-04-12,5397.73
INV-001085,C017,2025-03-13,2025-05-12,13399.12
INV-001086,C044,2025-03-14,2025-05-13,5000.00
INV-001087,C027,2025-03-14,2025-04-13,9481.99
INV-001088,C022,2025-03-14,2025-04-13,6885.23
INV-001089,C007,2025-03-14,2025-05-13,35500.00
INV-001090,C020,2025-03-14,2025-04-13,17509.53
INV-001091,C040,2025-03-17,2025-04-16,15326.67
INV-001092,C027,2025-03-17,2025-04-16,9100.00
INV-001093,C060,2025-03-17,2025-04-16,16664.79
INV-001094,C012,2025-03-17,2025-04-16,10200.00
INV-001095,C015,2025-03-18,2025-05-17,2347.12
INV-001096,C036,2025-03-18,2025-04-17,15654.18
INV-001097,C030,2025-03-18,2025-05-02,28236.53
INV-001098,C041,2025-03-19,2025-05-18,5645.21
INV-001099,C011,2025-03-19,2025-04-18,4792.08
INV-001100,C010,2025-03-19,2025-04-18,15443.60
INV-001101,C060,2025-03-19,2025-04-18,5088.95
INV-001102,C027,2025-03-19,2025-04-18,38327.32
INV-001103,C011,2025-03-19,2025-04-18,3991.17
INV-001104,C056,2025-03-20,2025-05-04,5630.74
INV-001105,C015,2025-03-20,2025-05-19,15100.00
INV-001106,C041,2025-03-20,2025-05-19,5691.98
INV-001107,C015,2025-03-20,2025-05-19,24900.00
INV-001108,C027,2025-03-20,2025-04-19,5744.16
INV-001109,C060,2025-03-20,2025-04-19,7524.30
INV-001110,C010,2025-03-21,2025-04-20,4947.96
INV-001111,C054,2025-03-21,2025-04-20,8017.89
INV-001112,C027,2025-03-21,2025-04-20,6618.79
INV-001113,C015,2025-03-21,2025-05-20,7316.86
INV-001114,C030,2025-03-21,2025-05-05,8100.00
INV-001115,C030,2025-03-21,2025-05-05,2637.93
INV-001116,C033,2025-03-24,2025-04-23,9099.68
INV-001117,C031,2025-03-24,2025-04-23,16800.00
INV-001118,C049,2025-03-24,2025-05-23,6438.12
INV-001119,C030,2025-03-24,2025-05-08,11661.73
INV-001120,C041,2025-03-24,2025-05-23,2247.39
INV-001121,C001,2025-03-25,2025-04-24,8174.20
INV-001122,C022,2025-03-25,2025-04-24,12170.00
INV-001123,C036,2025-03-25,2025-04-24,8590.89
INV-001124,C027,2025-03-25,2025-04-24,11948.90
INV-001125,C034,2025-03-25,2025-04-24,3085.42
INV-001126,C030,2025-03-25,2025-05-09,9413.60
INV-001127,C033,2025-03-25,2025-04-24,7256.70
INV-001128,C029,2025-03-25,2025-05-09,3817.58
INV-001129,C037,2025-03-25,2025-04-24,18500.00
INV-001130,C013,2025-03-25,2025-04-24,2518.80
INV-001131,C024,2025-03-25,2025-05-24,12933.36
INV-001132,C004,2025-03-26,2025-04-25,19012.37
INV-001133,C057,2025-03-26,2025-04-25,3205.55
INV-001134,C008,2025-03-26,2025-04-25,6414.32
INV-001135,C027,2025-03-26,2025-04-25,16507.31
INV-001136,C013,2025-03-27,2025-04-26,12400.00
INV-001137,C036,2025-03-27,2025-04-26,17302.06
INV-001138,C013,2025-03-27,2025-04-26,8400.00
INV-001139,C029,2025-03-27,2025-05-11,3300.00
INV-001140,C030,2025-03-28,2025-05-12,3278.96
INV-001141,C037,2025-03-28,2025-04-27,17206.86
INV-001142,C022,2025-03-28,2025-04-27,6463.55
INV-001143,C060,2025-03-28,2025-04-27,6377.53
INV-001144,C060,2025-03-28,2025-04-27,3011.98
INV-001145,C037,2025-03-28,2025-04-27,6806.66
INV-001146,C059,2025-03-28,2025-04-27,5367.06
INV-001147,C015,2025-03-28,2025-05-27,14240.18
INV-001148,C027,2025-03-28,2025-04-27,12955.92
INV-001149,C022,2025-03-28,2025-04-27,19098.47
INV-001150,C007,2025-03-31,2025-05-30,6168.18
INV-001151,C060,2025-03-31,2025-04-30,4500.00
INV-001152,C039,2025-03-31,2025-04-30,1596.03
INV-001153,C031,2025-04-01,2025-05-01,2401.84
INV-001154,C030,2025-04-01,2025-05-16,7141.14
INV-001155,C029,2025-04-02,2025-05-17,8186.28
INV-001156,C031,2025-04-02,2025-05-02,7472.33
INV-001157,C030,2025-04-02,2025-05-17,8396.06
INV-001158,C049,2025-04-02,2025-06-01,3768.22
INV-001159,C013,2025-04-02,2025-05-02,7600.00
INV-001160,C034,2025-04-02,2025-05-02,28890.29
INV-001161,C027,2025-04-03,2025-05-03,11300.00
INV-001162,C015,2025-04-03,2025-06-02,6552.59
INV-001163,C049,2025-04-03,2025-06-02,10045.50
INV-001164,C053,2025-04-03,2025-06-02,8262.83
INV-001165,C014,2025-04-04,2025-05-04,8200.00
INV-001166,C029,2025-04-04,2025-05-19,5509.25
INV-001167,C011,2025-04-04,2025-05-04,12492.74
INV-001168,C015,2025-04-04,2025-06-03,5600.00
INV-001169,C020,2025-04-04,2025-05-04,12254.03
INV-001170,C051,2025-04-07,2025-05-07,18459.10
INV-001171,C052,2025-04-07,2025-05-07,5090.19
INV-001172,C022,2025-04-08,2025-05-08,6351.73
INV-001173,C031,2025-04-08,2025-05-08,6045.58
INV-001174,C029,2025-04-08,2025-05-23,19676.49
INV-001175,C024,2025-04-08,2025-06-07,16277.90
INV-001176,C029,2025-04-08,2025-05-23,3104.34
INV-001177,C022,2025-04-08,2025-05-08,5900.00
INV-001178,C013,2025-04-09,2025-05-09,8614.02
INV-001179,C013,2025-04-09,2025-05-09,8900.00
INV-001180,C043,2025-04-09,2025-06-08,35631.02
INV-001181,C050,2025-04-09,2025-05-09,39602.75
INV-001182,C022,2025-04-09,2025-05-09,10775.86
INV-001183,C057,2025-04-09,2025-05-09,7582.17
INV-001184,C030,2025-04-09,2025-05-24,8201.44
INV-001185,C010,2025-04-09,2025-05-09,6552.49
INV-001186,C053,2025-04-10,2025-06-09,17176.65
INV-001187,C031,2025-04-10,2025-05-10,10500.00
INV-001188,C042,2025-04-10,2025-05-10,3785.06
INV-001189,C031,2025-04-10,2025-05-10,15483.97
INV-001190,C013,2025-04-11,2025-05-11,7099.20
INV-001191,C030,2025-04-11,2025-05-26,9220.82
INV-001192,C025,2025-04-11,2025-05-11,13377.58
INV-001193,C031,2025-04-11,2025-05-11,3612.92
INV-001194,C006,2025-04-11,2025-05-26,1576.10
INV-001195,C036,2025-04-11,2025-05-11,16288.54
INV-001196,C021,2025-04-11,2025-05-11,12425.11
INV-001197,C012,2025-04-11,2025-05-11,7439.35
INV-001198,C015,2025-04-14,2025-06-13,4324.69
INV-001199,C009,2025-04-14,2025-05-14,8834.61
INV-001200,C031,2025-04-15,2025-05-15,8057.46
INV-001201,C041,2025-04-15,2025-06-14,14725.29
INV-001202,C001,2025-04-16,2025-05-16,12278.11
INV-001203,C023,2025-04-16,2025-05-16,6688.65
INV-001204,C027,2025-04-16,2025-05-16,7970.26
INV-001205,C057,2025-04-17,2025-05-17,7811.17
INV-001206,C023,2025-04-17,2025-05-17,6266.98
INV-001207,C030,2025-04-17,2025-06-01,16604.48
INV-001208,C018,2025-04-17,2025-05-17,4908.04
INV-001209,C002,2025-04-17,2025-05-17,10584.17
INV-001210,C037,2025-04-22,2025-05-22,17222.92
INV-001211,C016,2025-04-23,2025-05-23,26020.49
INV-001212,C035,2025-04-23,2025-05-23,14210.87
INV-001213,C011,2025-04-23,2025-05-23,3596.19
INV-001214,C047,2025-04-23,2025-06-22,13372.79
INV-001215,C010,2025-04-23,2025-05-23,11671.46
INV-001216,C030,2025-04-23,2025-06-07,14255.31
INV-001217,C057,2025-04-23,2025-05-23,12400.00
INV-001218,C027,2025-04-24,2025-05-24,5352.53
INV-001219,C025,2025-04-24,2025-05-24,9937.49
INV-001220,C044,2025-04-24,2025-06-23,15848.96
INV-001221,C011,2025-04-25,2025-05-25,36328.16
INV-001222,C055,2025-04-25,2025-05-25,15500.00
INV-001223,C015,2025-04-28,2025-06-27,7325.65
INV-001224,C046,2025-04-28,2025-05-28,10213.63
INV-001225,C015,2025-04-28,2025-06-27,10754.79
INV-001226,C015,2025-04-28,2025-06-27,4768.45
INV-001227,C031,2025-04-28,2025-05-28,10429.21
INV-001228,C027,2025-04-28,2025-05-28,12890.81
INV-001229,C027,2025-04-28,2025-05-28,6843.84
INV-001230,C060,2025-04-29,2025-05-29,9330.17
INV-001231,C040,2025-04-29,2025-05-29,25452.04
INV-001232,C028,2025-04-29,2025-05-29,14743.44
INV-001233,C027,2025-04-29,2025-05-29,860.49
INV-001234,C001,2025-04-29,2025-05-29,6188.04
INV-001235,C031,2025-04-30,2025-05-30,15031.67
INV-001236,C055,2025-04-30,2025-05-30,6616.80
INV-001237,C057,2025-04-30,2025-05-30,21109.81
INV-001238,C017,2025-04-30,2025-06-29,8669.56
INV-001239,C016,2025-04-30,2025-05-30,8308.44
INV-001240,C027,2025-04-30,2025-05-30,12300.00
INV-001241,C030,2025-05-01,2025-06-15,6900.00
INV-001242,C030,2025-05-01,2025-06-15,3819.88
INV-001243,C027,2025-05-01,2025-05-31,14200.00
INV-001244,C014,2025-05-01,2025-05-31,3409.52
INV-001245,C012,2025-05-01,2025-05-31,5792.76
INV-001246,C027,2025-05-01,2025-05-31,3078.43
INV-001247,C028,2025-05-01,2025-05-31,10888.04
INV-001248,C024,2025-05-02,2025-07-01,5200.00
INV-001249,C030,2025-05-02,2025-06-16,8434.42
INV-001250,C002,2025-05-02,2025-06-01,12943.35
INV-001251,C038,2025-05-02,2025-06-01,10140.46
INV-001252,C038,2025-05-06,2025-06-05,30547.87
INV-001253,C053,2025-05-06,2025-07-05,20370.64
INV-001254,C053,2025-05-06,2025-07-05,10653.54
INV-001255,C008,2025-05-06,2025-06-05,16556.74
INV-001256,C030,2025-05-07,2025-06-21,6938.02
INV-001257,C011,2025-05-07,2025-06-06,11064.44
INV-001258,C027,2025-05-07,2025-06-06,9089.40
INV-001259,C032,2025-05-07,2025-06-06,21100.00
INV-001260,C015,2025-05-07,2025-07-06,9958.11
INV-001261,C049,2025-05-07,2025-07-06,31453.23
INV-001262,C026,2025-05-07,2025-06-06,5588.43
INV-001263,C041,2025-05-08,2025-07-07,27231.41
INV-001264,C013,2025-05-08,2025-06-07,3406.75
INV-001265,C025,2025-05-08,2025-06-07,7775.09
INV-001266,C047,2025-05-09,2025-07-08,14499.31
INV-001267,C030,2025-05-09,2025-06-23,24080.50
INV-001268,C019,2025-05-09,2025-06-08,8971.31
INV-001269,C040,2025-05-09,2025-06-08,8348.54
INV-001270,C022,2025-05-12,2025-06-11,13948.45
INV-001271,C010,2025-05-12,2025-06-11,7982.67
INV-001272,C008,2025-05-12,2025-06-11,34800.00
INV-001273,C012,2025-05-12,2025-06-11,19305.01
INV-001274,C011,2025-05-12,2025-06-11,17026.78
INV-001275,C027,2025-05-13,2025-06-12,5430.05
INV-001276,C019,2025-05-13,2025-06-12,3450.48
INV-001277,C031,2025-05-13,2025-06-12,9818.84
INV-001278,C035,2025-05-13,2025-06-12,2967.95
INV-001279,C019,2025-05-14,2025-06-13,3794.52
INV-001280,C045,2025-05-14,2025-06-13,5960.11
INV-001281,C057,2025-05-14,2025-06-13,4366.61
INV-001282,C011,2025-05-14,2025-06-13,5559.87
INV-001283,C037,2025-05-14,2025-06-13,4600.00
INV-001284,C043,2025-05-14,2025-07-13,3674.67
INV-001285,C036,2025-05-15,2025-06-14,16786.52
INV-001286,C054,2025-05-15,2025-06-14,6197.09
INV-001287,C043,2025-05-15,2025-07-14,10982.60
INV-001288,C013,2025-05-15,2025-06-14,4700.00
INV-001289,C041,2025-05-15,2025-07-14,8085.47
INV-001290,C027,2025-05-15,2025-06-14,5200.00
INV-001291,C013,2025-05-15,2025-06-14,3700.00
INV-001292,C037,2025-05-15,2025-06-14,18778.86
INV-001293,C057,2025-05-16,2025-06-15,14955.61
INV-001294,C013,2025-05-16,2025-06-15,10334.42
INV-001295,C032,2025-05-16,2025-06-15,16008.65
INV-001296,C038,2025-05-16,2025-06-15,32074.63
INV-001297,C001,2025-05-16,2025-06-15,5700.00
INV-001298,C028,2025-05-16,2025-06-15,7149.69
INV-001299,C026,2025-05-16,2025-06-15,3379.58
INV-001300,C030,2025-05-19,2025-07-03,5538.46
INV-001301,C016,2025-05-19,2025-06-18,6396.30
INV-001302,C061,2025-05-19,2025-06-18,2689.57
INV-001303,C013,2025-05-20,2025-06-19,5032.89
INV-001304,C002,2025-05-20,2025-06-19,12979.50
INV-001305,C037,2025-05-20,2025-06-19,21900.00
INV-001306,C013,2025-05-20,2025-06-19,13600.00
INV-001307,C011,2025-05-20,2025-06-19,4560.97
INV-001308,C045,2025-05-20,2025-06-19,2173.90
INV-001309,C029,2025-05-20,2025-07-04,8198.42
INV-001310,C047,2025-05-21,2025-07-20,2525.29
INV-001311,C002,2025-05-21,2025-06-20,9100.00
INV-001312,C037,2025-05-21,2025-06-20,9067.33
INV-001313,C052,2025-05-21,2025-06-20,3755.88
INV-001314,C001,2025-05-21,2025-06-20,27673.17
INV-001315,C057,2025-05-21,2025-06-20,38096.97
INV-001316,C031,2025-05-21,2025-06-20,6766.08
INV-001317,C011,2025-05-21,2025-06-20,13641.39
INV-001318,C030,2025-05-21,2025-07-05,16271.62
INV-001319,C031,2025-05-21,2025-06-20,14300.00
INV-001320,C057,2025-05-22,2025-06-21,4181.81
INV-001321,C045,2025-05-22,2025-06-21,10751.53
INV-001322,C002,2025-05-22,2025-06-21,6569.08
INV-001323,C021,2025-05-22,2025-06-21,24737.33
INV-001324,C015,2025-05-22,2025-07-21,4300.00
INV-001325,C009,2025-05-23,2025-06-22,21300.00
INV-001326,C029,2025-05-23,2025-07-07,8437.01
INV-001327,C015,2025-05-23,2025-07-22,4925.38
INV-001328,C023,2025-05-23,2025-06-22,14558.75
INV-001329,C013,2025-05-23,2025-06-22,16609.26
INV-001330,C046,2025-05-23,2025-06-22,4673.19
INV-001331,C048,2025-05-23,2025-07-07,8000.00
INV-001332,C046,2025-05-27,2025-06-26,1261.95
INV-001333,C031,2025-05-27,2025-06-26,8496.97
INV-001334,C029,2025-05-28,2025-07-12,9800.00
INV-001335,C041,2025-05-28,2025-07-27,9981.97
INV-001336,C037,2025-05-28,2025-06-27,3416.89
INV-001337,C055,2025-05-29,2025-06-28,16778.07
INV-001338,C031,2025-05-29,2025-06-28,7587.61
INV-001339,C015,2025-05-29,2025-07-28,2568.16
INV-001340,C060,2025-05-29,2025-06-28,12684.60
INV-001341,C037,2025-05-29,2025-06-28,4589.37
INV-001342,C060,2025-05-29,2025-06-28,3752.12
INV-001343,C032,2025-05-29,2025-06-28,6700.00
INV-001344,C031,2025-05-30,2025-06-29,17645.28
INV-001345,C015,2025-05-30,2025-07-29,8611.99
INV-001346,C061,2025-05-30,2025-06-29,5943.86
INV-001347,C016,2025-05-30,2025-06-29,18041.50
INV-001348,C015,2025-05-30,2025-07-29,19680.85
INV-001349,C036,2025-05-30,2025-06-29,13176.12
INV-001350,C013,2025-05-30,2025-06-29,12100.00
INV-001351,C053,2025-05-30,2025-07-29,11069.16
INV-001352,C006,2025-06-02,2025-07-17,2399.01
INV-001353,C041,2025-06-02,2025-08-01,4632.37
INV-001354,C013,2025-06-02,2025-07-02,6200.00
INV-001355,C038,2025-06-02,2025-07-02,6578.77
INV-001356,C052,2025-06-03,2025-07-03,10557.44
INV-001357,C027,2025-06-03,2025-07-03,16400.00
INV-001358,C062,2025-06-03,2025-07-18,23588.22
INV-001359,C029,2025-06-03,2025-07-18,3982.24
INV-001360,C041,2025-06-04,2025-08-03,10773.35
INV-001361,C011,2025-06-04,2025-07-04,2363.87
INV-001362,C023,2025-06-04,2025-07-04,16264.98
INV-001363,C042,2025-06-05,2025-07-05,4945.69
INV-001364,C011,2025-06-05,2025-07-05,6326.83
INV-001365,C041,2025-06-05,2025-08-04,3700.00
INV-001366,C056,2025-06-05,2025-07-20,1463.59
INV-001367,C029,2025-06-06,2025-07-21,7973.97
INV-001368,C030,2025-06-06,2025-07-21,18800.00
INV-001369,C029,2025-06-06,2025-07-21,7570.41
INV-001370,C044,2025-06-06,2025-08-05,7172.79
INV-001371,C004,2025-06-06,2025-07-06,8149.42
INV-001372,C037,2025-06-09,2025-07-09,3422.63
INV-001373,C053,2025-06-09,2025-08-08,14376.60
INV-001374,C020,2025-06-09,2025-07-09,6200.00
INV-001375,C030,2025-06-09,2025-07-24,3357.67
INV-001376,C060,2025-06-09,2025-07-09,5400.00
INV-001377,C011,2025-06-09,2025-07-09,6155.81
INV-001378,C024,2025-06-09,2025-08-08,10125.89
INV-001379,C037,2025-06-09,2025-07-09,3592.96
INV-001380,C011,2025-06-10,2025-07-10,21500.00
INV-001381,C027,2025-06-10,2025-07-10,6636.10
INV-001382,C008,2025-06-10,2025-07-10,26928.73
INV-001383,C013,2025-06-11,2025-07-11,11351.31
INV-001384,C021,2025-06-11,2025-07-11,23144.05
INV-001385,C001,2025-06-11,2025-07-11,3938.31
INV-001386,C055,2025-06-12,2025-07-12,2600.00
INV-001387,C010,2025-06-12,2025-07-12,6797.12
INV-001388,C007,2025-06-12,2025-08-11,16782.10
INV-001389,C034,2025-06-12,2025-07-12,9612.26
INV-001390,C024,2025-06-12,2025-08-11,13944.71
INV-001391,C030,2025-06-12,2025-07-27,5200.00
INV-001392,C047,2025-06-12,2025-08-11,16017.62
INV-001393,C048,2025-06-12,2025-07-27,26001.83
INV-001394,C062,2025-06-13,2025-07-28,13564.02
INV-001395,C027,2025-06-13,2025-07-13,9895.54
INV-001396,C003,2025-06-13,2025-08-12,7700.47
INV-001397,C036,2025-06-13,2025-07-13,2816.85
INV-001398,C041,2025-06-13,2025-08-12,5800.00
INV-001399,C039,2025-06-16,2025-07-16,1925.65
INV-001400,C042,2025-06-16,2025-07-16,8148.79
INV-001401,C061,2025-06-16,2025-07-16,5532.03
INV-001402,C031,2025-06-17,2025-07-17,4500.00
INV-001403,C037,2025-06-17,2025-07-17,38639.23
INV-001404,C016,2025-06-17,2025-07-17,16742.19
INV-001405,C027,2025-06-17,2025-07-17,15623.54
INV-001406,C057,2025-06-17,2025-07-17,3634.15
INV-001407,C023,2025-06-17,2025-07-17,2500.65
INV-001408,C050,2025-06-18,2025-07-18,17979.77
INV-001409,C031,2025-06-18,2025-07-18,14518.99
INV-001410,C064,2025-06-18,2025-07-18,16999.48
INV-001411,C025,2025-06-18,2025-07-18,9236.40
INV-001412,C059,2025-06-19,2025-07-19,4100.00
INV-001413,C064,2025-06-19,2025-07-19,5710.34
INV-001414,C020,2025-06-20,2025-07-20,10646.96
INV-001415,C024,2025-06-20,2025-08-19,20973.89
INV-001416,C013,2025-06-20,2025-07-20,14600.00
INV-001417,C020,2025-06-20,2025-07-20,8700.00
INV-001418,C043,2025-06-20,2025-08-19,7350.77
INV-001419,C033,2025-06-23,2025-07-23,12234.22
INV-001420,C036,2025-06-23,2025-07-23,9900.00
INV-001421,C031,2025-06-23,2025-07-23,3574.00
INV-001422,C018,2025-06-23,2025-07-23,3900.00
INV-001423,C047,2025-06-24,2025-08-23,13018.11
INV-001424,C014,2025-06-24,2025-07-24,24900.00
INV-001425,C003,2025-06-24,2025-08-23,4414.69
INV-001426,C034,2025-06-24,2025-07-24,17940.37
INV-001427,C043,2025-06-24,2025-08-23,10926.34
INV-001428,C016,2025-06-24,2025-07-24,21857.32
INV-001429,C031,2025-06-24,2025-07-24,5456.33
INV-001430,C057,2025-06-25,2025-07-25,3822.41
INV-001431,C031,2025-06-25,2025-07-25,21176.22
INV-001432,C038,2025-06-25,2025-07-25,2929.22
INV-001433,C020,2025-06-25,2025-07-25,14286.99
INV-001434,C062,2025-06-25,2025-08-09,13284.66
INV-001435,C010,2025-06-25,2025-07-25,5700.00
INV-001436,C049,2025-06-25,2025-08-24,12512.74
INV-001437,C057,2025-06-26,2025-07-26,10453.76
INV-001438,C060,2025-06-26,2025-07-26,4526.21
INV-001439,C065,2025-06-26,2025-08-10,7700.00
INV-001440,C036,2025-06-26,2025-07-26,7923.44
INV-001441,C041,2025-06-26,2025-08-25,13500.00
INV-001442,C015,2025-06-27,2025-08-26,35243.30
INV-001443,C043,2025-06-27,2025-08-26,9000.07
INV-001444,C062,2025-06-27,2025-08-11,8576.47
INV-001445,C008,2025-06-27,2025-07-27,16091.24
INV-001446,C061,2025-06-27,2025-07-27,3705.86
INV-001447,C041,2025-06-27,2025-08-26,6500.00
INV-001448,C028,2025-06-30,2025-07-30,16982.58
INV-001449,C008,2025-06-30,2025-07-30,23641.60
INV-001450,C024,2025-06-30,2025-08-29,19900.00
INV-001451,C064,2025-06-30,2025-07-30,12853.54
INV-001452,C066,2025-06-30,2025-07-30,9000.00
INV-001453,C020,2025-07-01,2025-07-31,12397.27
INV-001454,C036,2025-07-01,2025-07-31,11446.93
INV-001455,C011,2025-07-01,2025-07-31,2907.84
INV-001456,C047,2025-07-01,2025-08-30,21300.00
INV-001457,C018,2025-07-01,2025-07-31,5347.39
INV-001458,C028,2025-07-01,2025-07-31,11589.11
INV-001459,C035,2025-07-01,2025-07-31,11124.23
INV-001460,C031,2025-07-02,2025-08-01,9755.02
INV-001461,C057,2025-07-02,2025-08-01,10219.66
INV-001462,C014,2025-07-02,2025-08-01,19016.51
INV-001463,C018,2025-07-02,2025-08-01,12085.35
INV-001464,C027,2025-07-03,2025-08-02,27259.76
INV-001465,C027,2025-07-03,2025-08-02,9500.00
INV-001466,C061,2025-07-03,2025-08-02,9002.80
INV-001467,C015,2025-07-03,2025-09-01,17897.47
INV-001468,C011,2025-07-03,2025-08-02,7696.94
INV-001469,C036,2025-07-04,2025-08-03,3509.27
INV-001470,C001,2025-07-04,2025-08-03,6383.05
INV-001471,C050,2025-07-04,2025-08-03,4300.00
INV-001472,C010,2025-07-04,2025-08-03,13897.01
INV-001473,C036,2025-07-07,2025-08-06,26689.70
INV-001474,C011,2025-07-08,2025-08-07,7725.43
INV-001475,C005,2025-07-08,2025-09-06,8209.78
INV-001476,C015,2025-07-08,2025-09-06,18608.54
INV-001477,C060,2025-07-08,2025-08-07,6448.83
INV-001478,C041,2025-07-08,2025-09-06,4444.71
INV-001479,C041,2025-07-08,2025-09-06,5937.86
INV-001480,C021,2025-07-09,2025-08-08,13300.00
INV-001481,C030,2025-07-09,2025-08-23,12957.72
INV-001482,C034,2025-07-09,2025-08-08,5076.58
INV-001483,C032,2025-07-09,2025-08-08,7078.58
INV-001484,C012,2025-07-09,2025-08-08,23971.43
INV-001485,C057,2025-07-09,2025-08-08,14318.83
INV-001486,C019,2025-07-09,2025-08-08,6044.26
INV-001487,C057,2025-07-10,2025-08-09,5720.70
INV-001488,C030,2025-07-10,2025-08-24,2510.08
INV-001489,C031,2025-07-10,2025-08-09,7795.95
INV-001490,C038,2025-07-10,2025-08-09,17963.56
INV-001491,C064,2025-07-10,2025-08-09,8776.21
INV-001492,C064,2025-07-10,2025-08-09,3744.29
INV-001493,C002,2025-07-10,2025-08-09,27690.74
INV-001494,C031,2025-07-10,2025-08-09,5114.18
INV-001495,C007,2025-07-11,2025-09-09,9378.06
INV-001496,C027,2025-07-11,2025-08-10,8001.66
INV-001497,C041,2025-07-11,2025-09-09,5113.40
INV-001498,C030,2025-07-11,2025-08-25,25551.66
INV-001499,C041,2025-07-11,2025-09-09,5300.00
INV-001500,C043,2025-07-11,2025-09-09,7644.88
INV-001501,C027,2025-07-11,2025-08-10,6306.00
INV-001502,C013,2025-07-14,2025-08-13,10638.33
INV-001503,C065,2025-07-14,2025-08-28,5241.36
INV-001504,C060,2025-07-14,2025-08-13,10859.08
INV-001505,C015,2025-07-14,2025-09-12,5901.20
INV-001506,C015,2025-07-15,2025-09-13,13190.11
INV-001507,C028,2025-07-15,2025-08-14,7971.66
INV-001508,C061,2025-07-15,2025-08-14,17030.52
INV-001509,C022,2025-07-15,2025-08-14,11640.80
INV-001510,C057,2025-07-15,2025-08-14,29000.00
INV-001511,C030,2025-07-15,2025-08-29,5520.07
INV-001512,C022,2025-07-15,2025-08-14,12138.65
INV-001513,C010,2025-07-15,2025-08-14,3381.93
INV-001514,C041,2025-07-15,2025-09-13,10054.50
INV-001515,C031,2025-07-15,2025-08-14,5479.80
INV-001516,C030,2025-07-15,2025-08-29,5000.00
INV-001517,C029,2025-07-16,2025-08-30,5556.77
INV-001518,C027,2025-07-16,2025-08-15,1768.43
INV-001519,C054,2025-07-16,2025-08-15,1544.52
INV-001520,C066,2025-07-16,2025-08-15,10532.11
INV-001521,C011,2025-07-18,2025-08-17,8231.17
INV-001522,C058,2025-07-18,2025-08-17,35298.81
INV-001523,C020,2025-07-21,2025-08-20,12764.13
INV-001524,C066,2025-07-21,2025-08-20,13372.21
INV-001525,C061,2025-07-21,2025-08-20,9556.76
INV-001526,C064,2025-07-22,2025-08-21,11575.95
INV-001527,C047,2025-07-22,2025-09-20,23015.66
INV-001528,C057,2025-07-22,2025-08-21,6648.61
INV-001529,C047,2025-07-22,2025-09-20,5531.38
INV-001530,C062,2025-07-22,2025-09-05,5353.16
INV-001531,C053,2025-07-22,2025-09-20,33390.63
INV-001532,C041,2025-07-23,2025-09-21,18258.99
INV-001533,C011,2025-07-23,2025-08-22,9298.13
INV-001534,C025,2025-07-23,2025-08-22,11600.00
INV-001535,C029,2025-07-24,2025-09-07,24288.59
INV-001536,C023,2025-07-24,2025-08-23,16818.22
INV-001537,C064,2025-07-25,2025-08-24,11224.19
INV-001538,C060,2025-07-25,2025-08-24,12116.63
INV-001539,C027,2025-07-25,2025-08-24,12768.62
INV-001540,C008,2025-07-25,2025-08-24,7010.87
INV-001541,C020,2025-07-25,2025-08-24,14351.25
INV-001542,C009,2025-07-25,2025-08-24,7646.71
INV-001543,C064,2025-07-25,2025-08-24,6485.10
INV-001544,C037,2025-07-28,2025-08-27,13857.76
INV-001545,C054,2025-07-28,2025-08-27,7106.47
INV-001546,C013,2025-07-28,2025-08-27,6099.26
INV-001547,C051,2025-07-28,2025-08-27,22400.00
INV-001548,C059,2025-07-28,2025-08-27,7535.10
INV-001549,C038,2025-07-28,2025-08-27,13965.90
INV-001550,C036,2025-07-29,2025-08-28,18035.84
INV-001551,C048,2025-07-29,2025-09-12,8297.32
INV-001552,C013,2025-07-29,2025-08-28,7004.90
INV-001553,C001,2025-07-29,2025-08-28,12849.30
INV-001554,C058,2025-07-29,2025-08-28,5084.13
INV-001555,C015,2025-07-29,2025-09-27,24700.87
INV-001556,C011,2025-07-30,2025-08-29,23604.68
INV-001557,C010,2025-07-30,2025-08-29,14200.00
INV-001558,C046,2025-07-30,2025-08-29,2840.53
INV-001559,C030,2025-07-30,2025-09-13,4995.30
INV-001560,C043,2025-07-30,2025-09-28,7231.21
INV-001561,C041,2025-07-30,2025-09-28,4400.12
INV-001562,C031,2025-07-30,2025-08-29,10774.33
INV-001563,C065,2025-07-30,2025-09-13,3856.69
INV-001564,C015,2025-07-31,2025-09-29,7338.47
INV-001565,C024,2025-07-31,2025-09-29,27410.29
INV-001566,C062,2025-07-31,2025-09-14,9375.28
INV-001567,C062,2025-07-31,2025-09-14,10668.36
INV-001568,C022,2025-08-01,2025-08-31,11800.00
INV-001569,C060,2025-08-01,2025-08-31,17858.03
INV-001570,C038,2025-08-01,2025-08-31,10245.86
INV-001571,C011,2025-08-01,2025-08-31,8832.89
INV-001572,C038,2025-08-01,2025-08-31,11399.67
INV-001573,C022,2025-08-04,2025-09-03,4320.49
INV-001574,C067,2025-08-04,2025-09-03,8057.86
INV-001575,C029,2025-08-05,2025-09-19,15046.54
INV-001576,C049,2025-08-05,2025-10-04,3200.00
INV-001577,C015,2025-08-06,2025-10-05,5736.22
INV-001578,C055,2025-08-06,2025-09-05,2705.57
INV-001579,C067,2025-08-06,2025-09-05,26697.38
INV-001580,C057,2025-08-06,2025-09-05,6361.22
INV-001581,C013,2025-08-06,2025-09-05,4100.18
INV-001582,C041,2025-08-06,2025-10-05,4975.74
INV-001583,C061,2025-08-07,2025-09-06,1600.00
INV-001584,C030,2025-08-07,2025-09-21,8064.03
INV-001585,C017,2025-08-07,2025-10-06,18373.63
INV-001586,C065,2025-08-07,2025-09-21,5348.08
INV-001587,C030,2025-08-08,2025-09-22,2707.58
INV-001588,C010,2025-08-08,2025-09-07,2388.44
INV-001589,C030,2025-08-08,2025-09-22,11500.00
INV-001590,C037,2025-08-08,2025-09-07,8581.17
INV-001591,C047,2025-08-11,2025-10-10,8225.41
INV-001592,C065,2025-08-11,2025-09-25,12493.94
INV-001593,C062,2025-08-12,2025-09-26,20043.24
INV-001594,C064,2025-08-12,2025-09-11,2736.65
INV-001595,C042,2025-08-12,2025-09-11,18868.78
INV-001596,C016,2025-08-13,2025-09-12,15447.86
INV-001597,C016,2025-08-13,2025-09-12,27602.57
INV-001598,C064,2025-08-13,2025-09-12,8100.00
INV-001599,C047,2025-08-13,2025-10-12,17734.98
INV-001600,C042,2025-08-14,2025-09-13,6600.00
INV-001601,C015,2025-08-14,2025-10-13,7458.14
INV-001602,C022,2025-08-14,2025-09-13,4200.00
INV-001603,C064,2025-08-14,2025-09-13,12071.60
INV-001604,C057,2025-08-14,2025-09-13,15261.73
INV-001605,C064,2025-08-14,2025-09-13,1451.25
INV-001606,C047,2025-08-14,2025-10-13,19492.82
INV-001607,C060,2025-08-15,2025-09-14,16996.56
INV-001608,C046,2025-08-15,2025-09-14,6305.25
INV-001609,C021,2025-08-15,2025-09-14,32783.16
INV-001610,C051,2025-08-15,2025-09-14,9231.11
INV-001611,C045,2025-08-15,2025-09-14,2625.67
INV-001612,C052,2025-08-18,2025-09-17,14683.45
INV-001613,C063,2025-08-18,2025-09-17,5148.05
INV-001614,C042,2025-08-18,2025-09-17,33012.01
INV-001615,C044,2025-08-19,2025-10-18,17223.68
INV-001616,C061,2025-08-19,2025-09-18,2499.05
INV-001617,C030,2025-08-20,2025-10-04,12238.79
INV-001618,C057,2025-08-20,2025-09-19,5795.34
INV-001619,C053,2025-08-20,2025-10-19,9800.00
INV-001620,C005,2025-08-21,2025-10-20,3576.42
INV-001621,C057,2025-08-21,2025-09-20,4800.00
INV-001622,C050,2025-08-21,2025-09-20,12097.60
INV-001623,C065,2025-08-21,2025-10-05,8351.77
INV-001624,C053,2025-08-22,2025-10-21,13060.30
INV-001625,C059,2025-08-22,2025-09-21,485.65
INV-001626,C002,2025-08-22,2025-09-21,11737.84
INV-001627,C064,2025-08-22,2025-09-21,2160.62
INV-001628,C002,2025-08-22,2025-09-21,8390.34
INV-001629,C063,2025-08-22,2025-09-21,6306.60
INV-001630,C062,2025-08-22,2025-10-06,4629.47
INV-001631,C013,2025-08-22,2025-09-21,3808.93
INV-001632,C067,2025-08-26,2025-09-25,6296.55
INV-001633,C041,2025-08-26,2025-10-25,4695.10
INV-001634,C009,2025-08-26,2025-09-25,17558.85
INV-001635,C053,2025-08-26,2025-10-25,13700.00
INV-001636,C057,2025-08-26,2025-09-25,13976.60
INV-001637,C015,2025-08-28,2025-10-27,1532.49
INV-001638,C010,2025-08-28,2025-09-27,4879.15
INV-001639,C041,2025-08-29,2025-10-28,1826.41
INV-001640,C017,2025-08-29,2025-10-28,31948.71
INV-001641,C045,2025-09-01,2025-10-01,8467.85
INV-001642,C053,2025-09-01,2025-10-31,19491.76
INV-001643,C019,2025-09-01,2025-10-01,13712.90
INV-001644,C020,2025-09-01,2025-10-01,8200.00
INV-001645,C011,2025-09-01,2025-10-01,6579.60
INV-001646,C036,2025-09-01,2025-10-01,6079.75
INV-001647,C010,2025-09-02,2025-10-02,27546.87
INV-001648,C023,2025-09-02,2025-10-02,7100.00
INV-001649,C043,2025-09-02,2025-11-01,9376.95
INV-001650,C030,2025-09-02,2025-10-17,6977.87
INV-001651,C034,2025-09-02,2025-10-02,6242.11
INV-001652,C061,2025-09-02,2025-10-02,18090.08
INV-001653,C020,2025-09-02,2025-10-02,20000.00
INV-001654,C038,2025-09-02,2025-10-02,6551.34
INV-001655,C037,2025-09-03,2025-10-03,11229.02
INV-001656,C010,2025-09-03,2025-10-03,4104.87
INV-001657,C062,2025-09-03,2025-10-18,3300.00
INV-001658,C011,2025-09-03,2025-10-03,6393.30
INV-001659,C038,2025-09-04,2025-10-04,10776.21
INV-001660,C002,2025-09-04,2025-10-04,10159.91
INV-001661,C030,2025-09-04,2025-10-19,2593.94
INV-001662,C001,2025-09-04,2025-10-04,9801.14
INV-001663,C064,2025-09-04,2025-10-04,10222.56
INV-001664,C039,2025-09-04,2025-10-04,1342.35
INV-001665,C041,2025-09-04,2025-11-03,20898.68
INV-001666,C022,2025-09-04,2025-10-04,12409.60
INV-001667,C043,2025-09-05,2025-11-04,15673.17
INV-001668,C027,2025-09-05,2025-10-05,2053.86
INV-001669,C065,2025-09-05,2025-10-20,14235.01
INV-001670,C041,2025-09-08,2025-11-07,18549.11
INV-001671,C038,2025-09-08,2025-10-08,15337.11
INV-001672,C025,2025-09-08,2025-10-08,30310.77
INV-001673,C022,2025-09-08,2025-10-08,15156.51
INV-001674,C030,2025-09-08,2025-10-23,6550.45
INV-001675,C008,2025-09-08,2025-10-08,7885.45
INV-001676,C029,2025-09-08,2025-10-23,2849.44
INV-001677,C030,2025-09-08,2025-10-23,6299.65
INV-001678,C011,2025-09-08,2025-10-08,4541.12
INV-001679,C062,2025-09-09,2025-10-24,5718.55
INV-001680,C017,2025-09-09,2025-11-08,14813.30
INV-001681,C027,2025-09-09,2025-10-09,3088.37
INV-001682,C031,2025-09-09,2025-10-09,5963.44
INV-001683,C051,2025-09-09,2025-10-09,18000.00
INV-001684,C063,2025-09-09,2025-10-09,6533.58
INV-001685,C028,2025-09-09,2025-10-09,13252.39
INV-001686,C018,2025-09-10,2025-10-10,25192.70
INV-001687,C022,2025-09-10,2025-10-10,19058.91
INV-001688,C057,2025-09-10,2025-10-10,3514.27
INV-001689,C064,2025-09-10,2025-10-10,6600.00
INV-001690,C047,2025-09-10,2025-11-09,5387.97
INV-001691,C020,2025-09-10,2025-10-10,22508.58
INV-001692,C015,2025-09-10,2025-11-09,3973.05
INV-001693,C003,2025-09-10,2025-11-09,11300.00
INV-001694,C042,2025-09-10,2025-10-10,9936.43
INV-001695,C033,2025-09-10,2025-10-10,1800.00
INV-001696,C003,2025-09-11,2025-11-10,6600.00
INV-001697,C057,2025-09-11,2025-10-11,5380.61
INV-001698,C015,2025-09-11,2025-11-10,2180.78
INV-001699,C034,2025-09-11,2025-10-11,10370.90
INV-001700,C057,2025-09-11,2025-10-11,6125.45
INV-001701,C042,2025-09-11,2025-10-11,15694.16
INV-001702,C027,2025-09-12,2025-10-12,7523.14
INV-001703,C042,2025-09-12,2025-10-12,2800.00
INV-001704,C062,2025-09-12,2025-10-27,17771.37
INV-001705,C022,2025-09-12,2025-10-12,3600.00
INV-001706,C064,2025-09-12,2025-10-12,4824.88
INV-001707,C012,2025-09-12,2025-10-12,8566.91
INV-001708,C030,2025-09-12,2025-10-27,5466.98
INV-001709,C057,2025-09-12,2025-10-12,5517.86
INV-001710,C047,2025-09-12,2025-11-11,30356.15
INV-001711,C012,2025-09-12,2025-10-12,39049.25
INV-001712,C031,2025-09-12,2025-10-12,8106.10
INV-001713,C011,2025-09-15,2025-10-15,9410.44
INV-001714,C058,2025-09-15,2025-10-15,11621.16
INV-001715,C036,2025-09-15,2025-10-15,17330.24
INV-001716,C019,2025-09-15,2025-10-15,3650.78
INV-001717,C013,2025-09-15,2025-10-15,10368.38
INV-001718,C001,2025-09-15,2025-10-15,2485.50
INV-001719,C011,2025-09-15,2025-10-15,38863.13
INV-001720,C013,2025-09-15,2025-10-15,11899.16
INV-001721,C011,2025-09-15,2025-10-15,8100.00
INV-001722,C062,2025-09-16,2025-10-31,7752.02
INV-001723,C041,2025-09-16,2025-11-15,4872.08
INV-001724,C053,2025-09-16,2025-11-15,12662.94
INV-001725,C013,2025-09-16,2025-10-16,12288.83
INV-001726,C022,2025-09-16,2025-10-16,7300.00
INV-001727,C001,2025-09-16,2025-10-16,7350.13
INV-001728,C007,2025-09-16,2025-11-15,20784.57
INV-001729,C065,2025-09-17,2025-11-01,8421.58
INV-001730,C004,2025-09-17,2025-10-17,14200.00
INV-001731,C047,2025-09-17,2025-11-16,4000.00
INV-001732,C015,2025-09-17,2025-11-16,7117.98
INV-001733,C029,2025-09-17,2025-11-01,20700.00
INV-001734,C061,2025-09-17,2025-10-17,3148.13
INV-001735,C028,2025-09-17,2025-10-17,18975.85
INV-001736,C022,2025-09-17,2025-10-17,5137.05
INV-001737,C003,2025-09-17,2025-11-16,6992.17
INV-001738,C024,2025-09-18,2025-11-17,5611.68
INV-001739,C011,2025-09-18,2025-10-18,24900.00
INV-001740,C013,2025-09-18,2025-10-18,20218.05
INV-001741,C030,2025-09-18,2025-11-02,10829.25
INV-001742,C009,2025-09-18,2025-10-18,5850.45
INV-001743,C010,2025-09-18,2025-10-18,4897.76
INV-001744,C065,2025-09-18,2025-11-02,8789.12
INV-001745,C041,2025-09-19,2025-11-18,5800.00
INV-001746,C041,2025-09-19,2025-11-18,4510.11
INV-001747,C041,2025-09-19,2025-11-18,8692.42
INV-001748,C029,2025-09-19,2025-11-03,2665.28
INV-001749,C047,2025-09-19,2025-11-18,6292.07
INV-001750,C031,2025-09-19,2025-10-19,33984.57
INV-001751,C045,2025-09-19,2025-10-19,3673.83
INV-001752,C027,2025-09-22,2025-10-22,9962.28
INV-001753,C050,2025-09-22,2025-10-22,12609.40
INV-001754,C019,2025-09-22,2025-10-22,5844.16
INV-001755,C042,2025-09-22,2025-10-22,7897.30
INV-001756,C042,2025-09-22,2025-10-22,9047.65
INV-001757,C055,2025-09-23,2025-10-23,16874.05
INV-001758,C029,2025-09-23,2025-11-07,2225.71
INV-001759,C064,2025-09-23,2025-10-23,6617.93
INV-001760,C031,2025-09-23,2025-10-23,22261.91
INV-001761,C022,2025-09-23,2025-10-23,6769.48
INV-001762,C056,2025-09-23,2025-11-07,2758.96
INV-001763,C061,2025-09-23,2025-10-23,1732.79
INV-001764,C033,2025-09-24,2025-10-24,3200.00
INV-001765,C001,2025-09-24,2025-10-24,10446.76
INV-001766,C061,2025-09-24,2025-10-24,4152.56
INV-001767,C010,2025-09-24,2025-10-24,24187.00
INV-001768,C061,2025-09-24,2025-10-24,3265.85
INV-001769,C038,2025-09-24,2025-10-24,6900.00
INV-001770,C010,2025-09-25,2025-10-25,10670.10
INV-001771,C066,2025-09-25,2025-10-25,15386.04
INV-001772,C047,2025-09-25,2025-11-24,4148.11
INV-001773,C010,2025-09-25,2025-10-25,7200.00
INV-001774,C002,2025-09-25,2025-10-25,13268.42
INV-001775,C015,2025-09-25,2025-11-24,11145.78
INV-001776,C024,2025-09-26,2025-11-25,17035.69
INV-001777,C031,2025-09-26,2025-10-26,9368.93
INV-001778,C041,2025-09-26,2025-11-25,5916.16
INV-001779,C031,2025-09-29,2025-10-29,5064.68
INV-001780,C044,2025-09-29,2025-11-28,10119.09
INV-001781,C014,2025-09-29,2025-10-29,15833.98
INV-001782,C043,2025-09-29,2025-11-28,7700.00
INV-001783,C027,2025-09-29,2025-10-29,20497.10
INV-001784,C023,2025-09-29,2025-10-29,15519.05
INV-001785,C004,2025-09-29,2025-10-29,19125.72
INV-001786,C061,2025-09-29,2025-10-29,13300.98
INV-001787,C064,2025-09-29,2025-10-29,4255.18
INV-001788,C014,2025-09-29,2025-10-29,5590.73
INV-001789,C042,2025-09-30,2025-10-30,10881.91
INV-001790,C011,2025-09-30,2025-10-30,4900.00
INV-001791,C037,2025-09-30,2025-10-30,11193.35
INV-001792,C032,2025-09-30,2025-10-30,13000.00
INV-001793,C018,2025-09-30,2025-10-30,3500.00
INV-001794,C030,2025-09-30,2025-11-14,8097.99
INV-001795,C012,2025-09-30,2025-10-30,5400.59
INV-001796,C011,2025-09-30,2025-10-30,17681.87
INV-001797,C013,2025-09-30,2025-10-30,8352.14
INV-001798,C061,2025-09-30,2025-10-30,6983.89
INV-001799,C037,2025-09-30,2025-10-30,7881.75
INV-001800,C062,2025-09-30,2025-11-14,9371.48
INV-001801,C030,2025-10-01,2025-11-15,8072.16
INV-001802,C010,2025-10-01,2025-10-31,22564.33
INV-001803,C060,2025-10-01,2025-10-31,10072.61
INV-001804,C042,2025-10-02,2025-11-01,3765.63
INV-001805,C011,2025-10-02,2025-11-01,9129.01
INV-001806,C062,2025-10-02,2025-11-16,3600.00
INV-001807,C015,2025-10-02,2025-12-01,10357.98
INV-001808,C024,2025-10-02,2025-12-01,7151.99
INV-001809,C029,2025-10-03,2025-11-17,12682.63
INV-001810,C030,2025-10-03,2025-11-17,5022.67
INV-001811,C030,2025-10-03,2025-11-17,7900.00
INV-001812,C015,2025-10-03,2025-12-02,6965.38
INV-001813,C014,2025-10-03,2025-11-02,5987.36
INV-001814,C031,2025-10-03,2025-11-02,33151.49
INV-001815,C057,2025-10-03,2025-11-02,8974.48
INV-001816,C068,2025-10-06,2025-11-05,9800.00
INV-001817,C031,2025-10-06,2025-11-05,6437.71
INV-001818,C013,2025-10-06,2025-11-05,3484.22
INV-001819,C039,2025-10-07,2025-11-06,1570.41
INV-001820,C019,2025-10-07,2025-11-06,13257.34
INV-001821,C058,2025-10-07,2025-11-06,5524.04
INV-001822,C023,2025-10-07,2025-11-06,18216.69
INV-001823,C038,2025-10-07,2025-11-06,4171.66
INV-001824,C064,2025-10-08,2025-11-07,11096.70
INV-001825,C017,2025-10-08,2025-12-07,6200.00
INV-001826,C015,2025-10-08,2025-12-07,2700.00
INV-001827,C011,2025-10-08,2025-11-07,4689.14
INV-001828,C064,2025-10-08,2025-11-07,12470.39
INV-001829,C027,2025-10-08,2025-11-07,10600.00
INV-001830,C025,2025-10-08,2025-11-07,5106.98
INV-001831,C015,2025-10-08,2025-12-07,2306.72
INV-001832,C015,2025-10-08,2025-12-07,11238.51
INV-001833,C027,2025-10-09,2025-11-08,18205.62
INV-001834,C027,2025-10-09,2025-11-08,5797.08
INV-001835,C010,2025-10-09,2025-11-08,3531.00
INV-001836,C045,2025-10-09,2025-11-08,2796.26
INV-001837,C047,2025-10-09,2025-12-08,11226.59
INV-001838,C062,2025-10-10,2025-11-24,2069.25
INV-001839,C041,2025-10-10,2025-12-09,17861.28
INV-001840,C047,2025-10-10,2025-12-09,21800.00
INV-001841,C015,2025-10-10,2025-12-09,3292.98
INV-001842,C042,2025-10-10,2025-11-09,13681.25
INV-001843,C011,2025-10-13,2025-11-12,2533.37
INV-001844,C052,2025-10-13,2025-11-12,3850.04
INV-001845,C031,2025-10-13,2025-11-12,12668.30
INV-001846,C030,2025-10-14,2025-11-28,8900.00
INV-001847,C061,2025-10-14,2025-11-13,12600.00
INV-001848,C041,2025-10-14,2025-12-13,11700.00
INV-001849,C010,2025-10-15,2025-11-14,8079.76
INV-001850,C008,2025-10-15,2025-11-14,15243.53
INV-001851,C013,2025-10-15,2025-11-14,5455.09
INV-001852,C046,2025-10-15,2025-11-14,5100.00
INV-001853,C013,2025-10-15,2025-11-14,8123.40
INV-001854,C002,2025-10-16,2025-11-15,6238.19
INV-001855,C010,2025-10-16,2025-11-15,4235.92
INV-001856,C064,2025-10-16,2025-11-15,1965.70
INV-001857,C031,2025-10-16,2025-11-15,3981.61
INV-001858,C020,2025-10-16,2025-11-15,38427.16
INV-001859,C027,2025-10-16,2025-11-15,8200.00
INV-001860,C048,2025-10-17,2025-12-01,11074.04
INV-001861,C046,2025-10-17,2025-11-16,2433.80
INV-001862,C043,2025-10-17,2025-12-16,25328.54
INV-001863,C013,2025-10-17,2025-11-16,13667.18
INV-001864,C054,2025-10-17,2025-11-16,8604.52
INV-001865,C036,2025-10-17,2025-11-16,10753.63
INV-001866,C030,2025-10-20,2025-12-04,3495.84
INV-001867,C031,2025-10-20,2025-11-19,10350.40
INV-001868,C031,2025-10-20,2025-11-19,6915.34
INV-001869,C017,2025-10-21,2025-12-20,8300.24
INV-001870,C013,2025-10-21,2025-11-20,3213.87
INV-001871,C027,2025-10-21,2025-11-20,11678.61
INV-001872,C027,2025-10-21,2025-11-20,7200.00
INV-001873,C023,2025-10-22,2025-11-21,17043.80
INV-001874,C064,2025-10-22,2025-11-21,7263.41
INV-001875,C019,2025-10-22,2025-11-21,30041.41
INV-001876,C020,2025-10-22,2025-11-21,19544.52
INV-001877,C025,2025-10-22,2025-11-21,29992.71
INV-001878,C036,2025-10-22,2025-11-21,5204.72
INV-001879,C006,2025-10-22,2025-12-06,1744.69
INV-001880,C011,2025-10-22,2025-11-21,11922.57
INV-001881,C053,2025-10-23,2025-12-22,11097.23
INV-001882,C048,2025-10-23,2025-12-07,12064.74
INV-001883,C062,2025-10-23,2025-12-07,8786.17
INV-001884,C033,2025-10-23,2025-11-22,27310.41
INV-001885,C037,2025-10-24,2025-11-23,14781.11
INV-001886,C064,2025-10-24,2025-11-23,7770.71
INV-001887,C025,2025-10-24,2025-11-23,30135.23
INV-001888,C013,2025-10-24,2025-11-23,21465.69
INV-001889,C068,2025-10-24,2025-11-23,6400.00
INV-001890,C062,2025-10-24,2025-12-08,7014.54
INV-001891,C057,2025-10-24,2025-11-23,1397.03
INV-001892,C031,2025-10-24,2025-11-23,2931.42
INV-001893,C011,2025-10-27,2025-11-26,7941.10
INV-001894,C061,2025-10-27,2025-11-26,14379.73
INV-001895,C018,2025-10-27,2025-11-26,4808.88
INV-001896,C060,2025-10-27,2025-11-26,15696.13
INV-001897,C056,2025-10-27,2025-12-11,4534.74
INV-001898,C024,2025-10-28,2025-12-27,15291.19
INV-001899,C015,2025-10-28,2025-12-27,3721.48
INV-001900,C053,2025-10-28,2025-12-27,11282.85
INV-001901,C031,2025-10-28,2025-11-27,4000.00
INV-001902,C037,2025-10-28,2025-11-27,7227.95
INV-001903,C008,2025-10-29,2025-11-28,10662.25
INV-001904,C031,2025-10-29,2025-11-28,5538.96
INV-001905,C030,2025-10-29,2025-12-13,2610.53
INV-001906,C027,2025-10-29,2025-11-28,3223.63
INV-001907,C057,2025-10-29,2025-11-28,5429.51
INV-001908,C041,2025-10-30,2025-12-29,4625.28
INV-001909,C061,2025-10-30,2025-11-29,3263.24
INV-001910,C017,2025-10-30,2025-12-29,5610.06
INV-001911,C031,2025-10-31,2025-11-30,5013.71
INV-001912,C041,2025-10-31,2025-12-30,3000.00
INV-001913,C005,2025-10-31,2025-12-30,20192.12
INV-001914,C032,2025-10-31,2025-11-30,9000.00
INV-001915,C066,2025-10-31,2025-11-30,5470.09
INV-001916,C036,2025-10-31,2025-11-30,4930.52
INV-001917,C038,2025-11-03,2025-12-03,22634.40
INV-001918,C067,2025-11-03,2025-12-03,11657.50
INV-001919,C002,2025-11-03,2025-12-03,33394.35
INV-001920,C044,2025-11-03,2026-01-02,6800.00
INV-001921,C050,2025-11-04,2025-12-04,21641.09
INV-001922,C041,2025-11-04,2026-01-03,4993.71
INV-001923,C038,2025-11-04,2025-12-04,22638.19
INV-001924,C057,2025-11-04,2025-12-04,3123.48
INV-001925,C034,2025-11-04,2025-12-04,14484.34
INV-001926,C019,2025-11-04,2025-12-04,6486.17
INV-001927,C013,2025-11-04,2025-12-04,4688.68
INV-001928,C068,2025-11-04,2025-12-04,23968.31
INV-001929,C019,2025-11-05,2025-12-05,7251.69
INV-001930,C003,2025-11-05,2026-01-04,13300.00
INV-001931,C067,2025-11-05,2025-12-05,3767.54
INV-001932,C045,2025-11-05,2025-12-05,24858.59
INV-001933,C018,2025-11-05,2025-12-05,12400.00
INV-001934,C027,2025-11-05,2025-12-05,6634.12
INV-001935,C030,2025-11-06,2025-12-21,9097.36
INV-001936,C042,2025-11-06,2025-12-06,6352.17
INV-001937,C010,2025-11-06,2025-12-06,9029.79
INV-001938,C038,2025-11-06,2025-12-06,11258.09
INV-001939,C004,2025-11-06,2025-12-06,12800.00
INV-001940,C008,2025-11-06,2025-12-06,15163.94
INV-001941,C013,2025-11-06,2025-12-06,2343.88
INV-001942,C013,2025-11-06,2025-12-06,9738.39
INV-001943,C030,2025-11-06,2025-12-21,4557.87
INV-001944,C041,2025-11-06,2026-01-05,8853.77
INV-001945,C047,2025-11-06,2026-01-05,2677.90
INV-001946,C015,2025-11-06,2026-01-05,7335.26
INV-001947,C010,2025-11-06,2025-12-06,15207.41
INV-001948,C011,2025-11-07,2025-12-07,4608.89
INV-001949,C032,2025-11-07,2025-12-07,7359.74
INV-001950,C067,2025-11-07,2025-12-07,14300.00
INV-001951,C041,2025-11-07,2026-01-06,4025.93
INV-001952,C048,2025-11-10,2025-12-25,30281.43
INV-001953,C037,2025-11-10,2025-12-10,10755.64
INV-001954,C004,2025-11-10,2025-12-10,28845.78
INV-001955,C027,2025-11-10,2025-12-10,5200.00
INV-001956,C042,2025-11-10,2025-12-10,9500.00
INV-001957,C001,2025-11-10,2025-12-10,4186.33
INV-001958,C023,2025-11-10,2025-12-10,18916.56
INV-001959,C061,2025-11-11,2025-12-11,9600.00
INV-001960,C031,2025-11-11,2025-12-11,8325.15
INV-001961,C064,2025-11-11,2025-12-11,11641.75
INV-001962,C024,2025-11-11,2026-01-10,24580.20
INV-001963,C064,2025-11-11,2025-12-11,12645.64
INV-001964,C067,2025-11-11,2025-12-11,6740.06
INV-001965,C041,2025-11-11,2026-01-10,15200.00
INV-001966,C041,2025-11-11,2026-01-10,9888.90
INV-001967,C005,2025-11-11,2026-01-10,14343.51
INV-001968,C047,2025-11-11,2026-01-10,9000.00
INV-001969,C016,2025-11-12,2025-12-12,22185.90
INV-001970,C031,2025-11-12,2025-12-12,6741.77
INV-001971,C021,2025-11-12,2025-12-12,4735.58
INV-001972,C060,2025-11-12,2025-12-12,6061.24
INV-001973,C043,2025-11-12,2026-01-11,12222.67
INV-001974,C027,2025-11-12,2025-12-12,14789.01
INV-001975,C036,2025-11-13,2025-12-13,35300.00
INV-001976,C069,2025-11-13,2026-01-12,9923.24
INV-001977,C028,2025-11-13,2025-12-13,8363.09
INV-001978,C042,2025-11-13,2025-12-13,10367.82
INV-001979,C018,2025-11-13,2025-12-13,6052.55
INV-001980,C047,2025-11-13,2026-01-12,17055.92
INV-001981,C019,2025-11-13,2025-12-13,11805.93
INV-001982,C041,2025-11-14,2026-01-13,3387.52
INV-001983,C009,2025-11-14,2025-12-14,20844.14
INV-001984,C057,2025-11-14,2025-12-14,10248.43
INV-001985,C060,2025-11-14,2025-12-14,10444.33
INV-001986,C041,2025-11-14,2026-01-13,11000.00
INV-001987,C030,2025-11-14,2025-12-29,12800.00
INV-001988,C062,2025-11-14,2025-12-29,9233.48
INV-001989,C018,2025-11-17,2025-12-17,14400.00
INV-001990,C017,2025-11-17,2026-01-16,13902.47
INV-001991,C016,2025-11-17,2025-12-17,21410.23
INV-001992,C002,2025-11-17,2025-12-17,4812.54
INV-001993,C059,2025-11-17,2025-12-17,10614.76
INV-001994,C064,2025-11-17,2025-12-17,7500.00
INV-001995,C013,2025-11-18,2025-12-18,5542.92
INV-001996,C037,2025-11-18,2025-12-18,4900.00
INV-001997,C051,2025-11-18,2025-12-18,3111.53
INV-001998,C054,2025-11-18,2025-12-18,8431.93
INV-001999,C032,2025-11-18,2025-12-18,24492.01
INV-002000,C043,2025-11-18,2026-01-17,4109.65
INV-002001,C020,2025-11-18,2025-12-18,30195.53
INV-002002,C042,2025-11-18,2025-12-18,19437.30
INV-002003,C051,2025-11-19,2025-12-19,6500.00
INV-002004,C011,2025-11-19,2025-12-19,5708.00
INV-002005,C064,2025-11-19,2025-12-19,5100.00
INV-002006,C016,2025-11-19,2025-12-19,4196.45
INV-002007,C040,2025-11-19,2025-12-19,6104.18
INV-002008,C031,2025-11-19,2025-12-19,8431.95
INV-002009,C011,2025-11-19,2025-12-19,7633.74
INV-002010,C011,2025-11-19,2025-12-19,24054.56
INV-002011,C061,2025-11-19,2025-12-19,15366.23
INV-002012,C064,2025-11-19,2025-12-19,28400.00
INV-002013,C030,2025-11-19,2026-01-03,7229.37
INV-002014,C029,2025-11-20,2026-01-04,29582.56
INV-002015,C013,2025-11-20,2025-12-20,1300.00
INV-002016,C067,2025-11-20,2025-12-20,26139.65
INV-002017,C053,2025-11-20,2026-01-19,20900.00
INV-002018,C061,2025-11-20,2025-12-20,4193.90
INV-002019,C062,2025-11-20,2026-01-04,19000.00
INV-002020,C064,2025-11-21,2025-12-21,7795.98
INV-002021,C041,2025-11-21,2026-01-20,1385.73
INV-002022,C063,2025-11-21,2025-12-21,39357.46
INV-002023,C001,2025-11-21,2025-12-21,6641.52
INV-002024,C057,2025-11-21,2025-12-21,36286.78
INV-002025,C037,2025-11-21,2025-12-21,5161.73
INV-002026,C061,2025-11-24,2025-12-24,4460.12
INV-002027,C011,2025-11-24,2025-12-24,3272.18
INV-002028,C019,2025-11-24,2025-12-24,33816.36
INV-002029,C057,2025-11-24,2025-12-24,13322.23
INV-002030,C059,2025-11-24,2025-12-24,1400.00
INV-002031,C010,2025-11-24,2025-12-24,18598.44
INV-002032,C027,2025-11-24,2025-12-24,3963.49
INV-002033,C062,2025-11-24,2026-01-08,6169.32
INV-002034,C042,2025-11-24,2025-12-24,5497.89
INV-002035,C015,2025-11-25,2026-01-24,11738.17
INV-002036,C019,2025-11-25,2025-12-25,7813.10
INV-002037,C020,2025-11-25,2025-12-25,8907.82
INV-002038,C027,2025-11-25,2025-12-25,9408.66
INV-002039,C062,2025-11-25,2026-01-09,9697.96
INV-002040,C047,2025-11-25,2026-01-24,23695.47
INV-002041,C007,2025-11-25,2026-01-24,5056.85
INV-002042,C047,2025-11-25,2026-01-24,32100.00
INV-002043,C061,2025-11-26,2025-12-26,3810.40
INV-002044,C010,2025-11-26,2025-12-26,10368.01
INV-002045,C001,2025-11-26,2025-12-26,8706.00
INV-002046,C012,2025-11-26,2025-12-26,5866.97
INV-002047,C013,2025-11-26,2025-12-26,28614.10
INV-002048,C067,2025-11-27,2025-12-27,5176.60
INV-002049,C030,2025-11-27,2026-01-11,2344.69
INV-002050,C002,2025-11-27,2025-12-27,6100.37
INV-002051,C043,2025-11-27,2026-01-26,11447.17
INV-002052,C069,2025-11-28,2026-01-27,16109.00
INV-002053,C031,2025-11-28,2025-12-28,13876.59
INV-002054,C027,2025-11-28,2025-12-28,5386.36
INV-002055,C030,2025-12-01,2026-01-15,10100.00
INV-002056,C024,2025-12-02,2026-01-31,1280.81
INV-002057,C011,2025-12-02,2026-01-01,23427.69
INV-002058,C004,2025-12-03,2026-01-02,7671.02
INV-002059,C032,2025-12-03,2026-01-02,7643.00
INV-002060,C015,2025-12-03,2026-02-01,6489.21
INV-002061,C001,2025-12-03,2026-01-02,5915.75
INV-002062,C038,2025-12-03,2026-01-02,4296.17
INV-002063,C032,2025-12-03,2026-01-02,4355.15
INV-002064,C046,2025-12-04,2026-01-03,15695.97
INV-002065,C041,2025-12-04,2026-02-02,6867.44
INV-002066,C036,2025-12-04,2026-01-03,9100.00
INV-002067,C064,2025-12-04,2026-01-03,18487.63
INV-002068,C029,2025-12-05,2026-01-19,14893.14
INV-002069,C006,2025-12-05,2026-01-19,2904.89
INV-002070,C064,2025-12-05,2026-01-04,11881.28
INV-002071,C011,2025-12-08,2026-01-07,8840.29
INV-002072,C042,2025-12-08,2026-01-07,12293.56
INV-002073,C027,2025-12-08,2026-01-07,11744.04
INV-002074,C017,2025-12-08,2026-02-06,8922.04
INV-002075,C013,2025-12-08,2026-01-07,6356.47
INV-002076,C035,2025-12-09,2026-01-08,15476.75
INV-002077,C037,2025-12-09,2026-01-08,3659.31
INV-002078,C023,2025-12-09,2026-01-08,4689.22
INV-002079,C063,2025-12-09,2026-01-08,3732.09
INV-002080,C023,2025-12-10,2026-01-09,22741.77
INV-002081,C027,2025-12-11,2026-01-10,15860.92
INV-002082,C056,2025-12-11,2026-01-25,1907.18
INV-002083,C022,2025-12-11,2026-01-10,4425.66
INV-002084,C019,2025-12-11,2026-01-10,13365.71
INV-002085,C011,2025-12-11,2026-01-10,6611.69
INV-002086,C041,2025-12-12,2026-02-10,5531.40
INV-002087,C022,2025-12-12,2026-01-11,17842.41
INV-002088,C008,2025-12-12,2026-01-11,14016.12
INV-002089,C008,2025-12-12,2026-01-11,7759.06
INV-002090,C057,2025-12-15,2026-01-14,5600.00
INV-002091,C011,2025-12-15,2026-01-14,4930.80
INV-002092,C064,2025-12-15,2026-01-14,4983.57
INV-002093,C053,2025-12-16,2026-02-14,11258.28
INV-002094,C042,2025-12-16,2026-01-15,21241.08
INV-002095,C061,2025-12-16,2026-01-15,19866.91
INV-002096,C027,2025-12-16,2026-01-15,16600.00
INV-002097,C031,2025-12-17,2026-01-16,6256.43
INV-002098,C013,2025-12-18,2026-01-17,22801.10
INV-002099,C020,2025-12-18,2026-01-17,2843.55
INV-002100,C015,2025-12-18,2026-02-16,22930.56
INV-002101,C064,2025-12-18,2026-01-17,1326.04
INV-002102,C029,2025-12-19,2026-02-02,7588.96
INV-002103,C027,2025-12-19,2026-01-18,1339.12
INV-002104,C038,2025-12-19,2026-01-18,15290.09
INV-002105,C034,2025-12-19,2026-01-18,12580.85
INV-002106,C027,2025-12-19,2026-01-18,3500.00
INV-002107,C013,2025-12-22,2026-01-21,13400.00
INV-002108,C015,2025-12-22,2026-02-20,24408.32
INV-002109,C038,2025-12-22,2026-01-21,10834.61
INV-002110,C011,2025-12-22,2026-01-21,4813.35
INV-002111,C013,2025-12-22,2026-01-21,14810.51
INV-002112,C022,2025-12-23,2026-01-22,7028.24
INV-002113,C014,2025-12-24,2026-01-23,20585.08
INV-002114,C041,2025-12-24,2026-02-22,5863.04
INV-002115,C007,2025-12-24,2026-02-22,2720.44
INV-002116,C002,2025-12-24,2026-01-23,31110.27
INV-002117,C037,2025-12-24,2026-01-23,3705.32
INV-002118,C030,2025-12-24,2026-02-07,9366.76
INV-002119,C042,2025-12-29,2026-01-28,3585.55
INV-002120,C050,2025-12-29,2026-01-28,2855.77
INV-002121,C055,2025-12-29,2026-01-28,35351.49
INV-002122,C020,2025-12-30,2026-01-29,9356.37
INV-002123,C054,2025-12-31,2026-01-30,11172.95
INV-002124,C029,2025-12-31,2026-02-14,8733.14
INV-002125,C041,2025-12-31,2026-03-01,3311.83
INV-002126,C002,2026-01-02,2026-02-01,9006.89
INV-002127,C015,2026-01-02,2026-03-03,3164.75
INV-002128,C022,2026-01-02,2026-02-01,11880.24
INV-002129,C053,2026-01-02,2026-03-03,2571.28
INV-002130,C041,2026-01-02,2026-03-03,6402.47
INV-002131,C032,2026-01-02,2026-02-01,5861.47
INV-002132,C027,2026-01-02,2026-02-01,2583.11
INV-002133,C069,2026-01-05,2026-03-06,9788.47
INV-002134,C014,2026-01-05,2026-02-04,14972.34
INV-002135,C069,2026-01-05,2026-03-06,14315.49
INV-002136,C030,2026-01-05,2026-02-19,9271.73
INV-002137,C027,2026-01-05,2026-02-04,7133.60
INV-002138,C021,2026-01-05,2026-02-04,6400.00
INV-002139,C036,2026-01-06,2026-02-05,1125.04
INV-002140,C062,2026-01-06,2026-02-20,11522.34
INV-002141,C032,2026-01-07,2026-02-06,23837.81
INV-002142,C020,2026-01-07,2026-02-06,13044.84
INV-002143,C057,2026-01-07,2026-02-06,10298.13
INV-002144,C061,2026-01-07,2026-02-06,7099.85
INV-002145,C015,2026-01-07,2026-03-08,7886.70
INV-002146,C010,2026-01-07,2026-02-06,6801.02
INV-002147,C061,2026-01-07,2026-02-06,11063.48
INV-002148,C053,2026-01-08,2026-03-09,5373.26
INV-002149,C027,2026-01-08,2026-02-07,3372.32
INV-002150,C012,2026-01-08,2026-02-07,6800.00
INV-002151,C029,2026-01-08,2026-02-22,23700.00
INV-002152,C004,2026-01-08,2026-02-07,10394.85
INV-002153,C030,2026-01-09,2026-02-23,4500.00
INV-002154,C061,2026-01-09,2026-02-08,5523.33
INV-002155,C055,2026-01-09,2026-02-08,13641.86
INV-002156,C022,2026-01-09,2026-02-08,2774.35
INV-002157,C036,2026-01-09,2026-02-08,3881.06
INV-002158,C004,2026-01-12,2026-02-11,15300.00
INV-002159,C021,2026-01-12,2026-02-11,13742.85
INV-002160,C061,2026-01-12,2026-02-11,21559.24
INV-002161,C022,2026-01-12,2026-02-11,3042.61
INV-002162,C013,2026-01-12,2026-02-11,10583.06
INV-002163,C029,2026-01-12,2026-02-26,15126.05
INV-002164,C041,2026-01-12,2026-03-13,10772.03
INV-002165,C042,2026-01-12,2026-02-11,5066.30
INV-002166,C047,2026-01-12,2026-03-13,19982.29
INV-002167,C010,2026-01-12,2026-02-11,1857.67
INV-002168,C038,2026-01-13,2026-02-12,9784.03
INV-002169,C020,2026-01-13,2026-02-12,5346.59
INV-002170,C041,2026-01-13,2026-03-14,4586.62
INV-002171,C010,2026-01-13,2026-02-12,14465.23
INV-002172,C037,2026-01-13,2026-02-12,3900.00
INV-002173,C015,2026-01-13,2026-03-14,7040.01
INV-002174,C022,2026-01-13,2026-02-12,9400.00
INV-002175,C036,2026-01-13,2026-02-12,16596.71
INV-002176,C029,2026-01-13,2026-02-27,11875.79
INV-002177,C001,2026-01-14,2026-02-13,9828.81
INV-002178,C048,2026-01-14,2026-02-28,24996.77
INV-002179,C029,2026-01-14,2026-02-28,2585.67
INV-002180,C057,2026-01-14,2026-02-13,19353.07
INV-002181,C062,2026-01-14,2026-02-28,3941.29
INV-002182,C023,2026-01-14,2026-02-13,3100.00
INV-002183,C033,2026-01-15,2026-02-14,4250.88
INV-002184,C041,2026-01-15,2026-03-16,4001.79
INV-002185,C002,2026-01-15,2026-02-14,4700.00
INV-002186,C062,2026-01-16,2026-03-02,9164.21
INV-002187,C064,2026-01-16,2026-02-15,5655.36
INV-002188,C027,2026-01-16,2026-02-15,11300.00
INV-002189,C019,2026-01-16,2026-02-15,12041.88
INV-002190,C008,2026-01-16,2026-02-15,17552.48
INV-002191,C028,2026-01-19,2026-02-18,16935.21
INV-002192,C060,2026-01-19,2026-02-18,21455.30
INV-002193,C057,2026-01-19,2026-02-18,11329.17
INV-002194,C064,2026-01-20,2026-02-19,5929.07
INV-002195,C031,2026-01-20,2026-02-19,8861.12
INV-002196,C004,2026-01-20,2026-02-19,15902.17
INV-002197,C054,2026-01-20,2026-02-19,9987.95
INV-002198,C008,2026-01-20,2026-02-19,4100.00
INV-002199,C020,2026-01-20,2026-02-19,31918.58
INV-002200,C016,2026-01-21,2026-02-20,6196.73
INV-002201,C013,2026-01-21,2026-02-20,10128.28
INV-002202,C041,2026-01-21,2026-03-22,7067.80
INV-002203,C027,2026-01-22,2026-02-21,5166.46
INV-002204,C010,2026-01-22,2026-02-21,18100.00
INV-002205,C013,2026-01-22,2026-02-21,4358.18
INV-002206,C031,2026-01-22,2026-02-21,10751.13
INV-002207,C061,2026-01-23,2026-02-22,10798.73
INV-002208,C057,2026-01-23,2026-02-22,2700.00
INV-002209,C020,2026-01-23,2026-02-22,26906.38
INV-002210,C027,2026-01-23,2026-02-22,3449.21
INV-002211,C042,2026-01-26,2026-02-25,3100.00
INV-002212,C062,2026-01-26,2026-03-12,5804.11
INV-002213,C010,2026-01-26,2026-02-25,23854.67
INV-002214,C027,2026-01-26,2026-02-25,3980.86
INV-002215,C064,2026-01-26,2026-02-25,6422.72
INV-002216,C020,2026-01-26,2026-02-25,14900.00
INV-002217,C057,2026-01-26,2026-02-25,5483.61
INV-002218,C017,2026-01-27,2026-03-28,14200.00
INV-002219,C011,2026-01-27,2026-02-26,7800.00
INV-002220,C042,2026-01-27,2026-02-26,4510.71
INV-002221,C011,2026-01-28,2026-02-27,8500.00
INV-002222,C022,2026-01-28,2026-02-27,18656.18
INV-002223,C029,2026-01-28,2026-03-14,7588.15
INV-002224,C030,2026-01-28,2026-03-14,6373.04
INV-002225,C001,2026-01-28,2026-02-27,12636.09
INV-002226,C010,2026-01-29,2026-02-28,8138.19
INV-002227,C015,2026-01-29,2026-03-30,2213.32
INV-002228,C026,2026-01-29,2026-02-28,1861.53
INV-002229,C044,2026-01-29,2026-03-30,18452.62
INV-002230,C011,2026-01-29,2026-02-28,7129.29
INV-002231,C012,2026-01-29,2026-02-28,13460.27
INV-002232,C040,2026-01-29,2026-02-28,2900.00
INV-002233,C042,2026-01-30,2026-03-01,2107.25
INV-002234,C004,2026-01-30,2026-03-01,24855.53
INV-002235,C038,2026-01-30,2026-03-01,9973.78
INV-002236,C014,2026-01-30,2026-03-01,14160.37
INV-002237,C015,2026-01-30,2026-03-31,4331.20
INV-002238,C051,2026-01-30,2026-03-01,31200.00
INV-002239,C013,2026-01-30,2026-03-01,19449.02
INV-002240,C015,2026-01-30,2026-03-31,16100.00
INV-002241,C062,2026-01-30,2026-03-16,16502.26
INV-002242,C037,2026-01-30,2026-03-01,22208.66
INV-002243,C051,2026-02-02,2026-03-04,9404.29
INV-002244,C057,2026-02-02,2026-03-04,17566.80
INV-002245,C028,2026-02-02,2026-03-04,18593.76
INV-002246,C006,2026-02-02,2026-03-19,12000.00
INV-002247,C021,2026-02-02,2026-03-04,22428.85
INV-002248,C014,2026-02-02,2026-03-04,6234.91
INV-002249,C048,2026-02-02,2026-03-19,6080.72
INV-002250,C031,2026-02-02,2026-03-04,8258.22
INV-002251,C061,2026-02-02,2026-03-04,13829.46
INV-002252,C061,2026-02-02,2026-03-04,7390.92
INV-002253,C015,2026-02-03,2026-04-04,25017.95
INV-002254,C034,2026-02-03,2026-03-05,7194.66
INV-002255,C064,2026-02-03,2026-03-05,9370.42
INV-002256,C027,2026-02-03,2026-03-05,10804.01
INV-002257,C067,2026-02-04,2026-03-06,4042.12
INV-002258,C057,2026-02-04,2026-03-06,2981.34
INV-002259,C046,2026-02-04,2026-03-06,5988.77
INV-002260,C043,2026-02-04,2026-04-05,6034.11
INV-002261,C043,2026-02-05,2026-04-06,16345.44
INV-002262,C023,2026-02-05,2026-03-07,4700.00
INV-002263,C030,2026-02-05,2026-03-22,3100.00
INV-002264,C041,2026-02-05,2026-04-06,10298.52
INV-002265,C062,2026-02-05,2026-03-22,3972.42
INV-002266,C035,2026-02-05,2026-03-07,14826.20
INV-002267,C011,2026-02-05,2026-03-07,4160.04
INV-002268,C041,2026-02-05,2026-04-06,3601.59
INV-002269,C015,2026-02-05,2026-04-06,3665.20
INV-002270,C031,2026-02-05,2026-03-07,5800.00
INV-002271,C013,2026-02-06,2026-03-08,13227.14
INV-002272,C010,2026-02-06,2026-03-08,12551.29
INV-002273,C046,2026-02-06,2026-03-08,16487.73
INV-002274,C042,2026-02-06,2026-03-08,19700.00
INV-002275,C039,2026-02-06,2026-03-08,5048.90
INV-002276,C064,2026-02-06,2026-03-08,8364.27
INV-002277,C041,2026-02-09,2026-04-10,8867.07
INV-002278,C024,2026-02-09,2026-04-10,8636.59
INV-002279,C005,2026-02-09,2026-04-10,9696.87
INV-002280,C050,2026-02-09,2026-03-11,34500.00
INV-002281,C034,2026-02-09,2026-03-11,11140.09
INV-002282,C011,2026-02-09,2026-03-11,3764.92
INV-002283,C029,2026-02-10,2026-03-27,22025.51
INV-002284,C053,2026-02-10,2026-04-11,10394.31
INV-002285,C015,2026-02-10,2026-04-11,14936.67
INV-002286,C057,2026-02-10,2026-03-12,9231.93
INV-002287,C006,2026-02-10,2026-03-27,2255.94
INV-002288,C030,2026-02-11,2026-03-28,4443.25
INV-002289,C017,2026-02-11,2026-04-12,17196.60
INV-002290,C062,2026-02-11,2026-03-28,4852.10
INV-002291,C013,2026-02-11,2026-03-13,5823.33
INV-002292,C055,2026-02-11,2026-03-13,6321.78
INV-002293,C019,2026-02-12,2026-03-14,8668.62
INV-002294,C015,2026-02-12,2026-04-13,7600.00
INV-002295,C027,2026-02-12,2026-03-14,14212.66
INV-002296,C013,2026-02-12,2026-03-14,19800.00
INV-002297,C015,2026-02-12,2026-04-13,19128.02
INV-002298,C027,2026-02-12,2026-03-14,9726.16
INV-002299,C019,2026-02-12,2026-03-14,4306.49
INV-002300,C027,2026-02-12,2026-03-14,24753.77
INV-002301,C010,2026-02-13,2026-03-15,2219.07
INV-002302,C032,2026-02-13,2026-03-15,7759.56
INV-002303,C013,2026-02-13,2026-03-15,5421.78
INV-002304,C027,2026-02-13,2026-03-15,13096.52
INV-002305,C016,2026-02-16,2026-03-18,16878.18
INV-002306,C010,2026-02-16,2026-03-18,7917.60
INV-002307,C024,2026-02-16,2026-04-17,8280.78
INV-002308,C018,2026-02-16,2026-03-18,13862.38
INV-002309,C041,2026-02-16,2026-04-17,6941.92
INV-002310,C003,2026-02-18,2026-04-19,7720.19
INV-002311,C031,2026-02-18,2026-03-20,10894.63
INV-002312,C013,2026-02-18,2026-03-20,7119.48
INV-002313,C053,2026-02-18,2026-04-19,6404.38
INV-002314,C022,2026-02-19,2026-03-21,8617.10
INV-002315,C034,2026-02-19,2026-03-21,8737.74
INV-002316,C009,2026-02-19,2026-03-21,6407.74
INV-002317,C047,2026-02-20,2026-04-21,2682.53
INV-002318,C033,2026-02-20,2026-03-22,6466.00
INV-002319,C038,2026-02-20,2026-03-22,5295.29
INV-002320,C041,2026-02-20,2026-04-21,3514.52
INV-002321,C064,2026-02-20,2026-03-22,9053.92
INV-002322,C062,2026-02-20,2026-04-06,8200.00
INV-002323,C011,2026-02-20,2026-03-22,10385.38
INV-002324,C042,2026-02-20,2026-03-22,5683.02
INV-002325,C065,2026-02-23,2026-04-09,7940.34
INV-002326,C022,2026-02-23,2026-03-25,7406.55
INV-002327,C020,2026-02-23,2026-03-25,7800.00
INV-002328,C014,2026-02-23,2026-03-25,31771.88
INV-002329,C013,2026-02-23,2026-03-25,13531.91
INV-002330,C038,2026-02-23,2026-03-25,7514.17
INV-002331,C029,2026-02-23,2026-04-09,7607.61
INV-002332,C013,2026-02-24,2026-03-26,9047.45
INV-002333,C015,2026-02-24,2026-04-25,12435.61
INV-002334,C024,2026-02-24,2026-04-25,29300.00
INV-002335,C029,2026-02-24,2026-04-10,5769.08
INV-002336,C013,2026-02-24,2026-03-26,4458.64
INV-002337,C022,2026-02-24,2026-03-26,14911.48
INV-002338,C017,2026-02-24,2026-04-25,10649.91
INV-002339,C031,2026-02-25,2026-03-27,9198.76
INV-002340,C022,2026-02-25,2026-03-27,13619.00
INV-002341,C029,2026-02-25,2026-04-11,14280.44
INV-002342,C056,2026-02-25,2026-04-11,1688.66
INV-002343,C031,2026-02-25,2026-03-27,4887.38
INV-002344,C062,2026-02-25,2026-04-11,4634.58
INV-002345,C061,2026-02-25,2026-03-27,15069.76
INV-002346,C023,2026-02-26,2026-03-28,12751.55
INV-002347,C061,2026-02-26,2026-03-28,33632.72
INV-002348,C011,2026-02-26,2026-03-28,1371.03
INV-002349,C041,2026-02-27,2026-04-28,19000.00
INV-002350,C062,2026-02-27,2026-04-13,5788.25
INV-002351,C037,2026-02-27,2026-03-29,7800.00
INV-002352,C019,2026-02-27,2026-03-29,9342.87
INV-002353,C014,2026-02-27,2026-03-29,9955.55
INV-002354,C017,2026-02-27,2026-04-28,9082.28
INV-002355,C028,2026-02-27,2026-03-29,2865.53
INV-002356,C061,2026-02-27,2026-03-29,15893.34
INV-002357,C013,2026-02-27,2026-03-29,32037.38
INV-002358,C002,2026-03-02,2026-04-01,2493.17
INV-002359,C037,2026-03-02,2026-04-01,16000.00
INV-002360,C061,2026-03-02,2026-04-01,4255.74
INV-002361,C030,2026-03-02,2026-04-16,6055.35
INV-002362,C021,2026-03-02,2026-04-01,6139.43
INV-002363,C036,2026-03-02,2026-04-01,38141.76
INV-002364,C036,2026-03-03,2026-04-02,10328.95
INV-002365,C057,2026-03-03,2026-04-02,10194.95
INV-002366,C027,2026-03-03,2026-04-02,11330.32
INV-002367,C011,2026-03-03,2026-04-02,8585.85
INV-002368,C062,2026-03-03,2026-04-17,31626.30
INV-002369,C023,2026-03-04,2026-04-03,13249.49
INV-002370,C062,2026-03-04,2026-04-18,20203.82
INV-002371,C061,2026-03-04,2026-04-03,4863.37
INV-002372,C044,2026-03-04,2026-05-03,12300.00
INV-002373,C057,2026-03-04,2026-04-03,5438.72
INV-002374,C037,2026-03-04,2026-04-03,5671.30
INV-002375,C038,2026-03-04,2026-04-03,25500.00
INV-002376,C038,2026-03-04,2026-04-03,10680.38
INV-002377,C031,2026-03-05,2026-04-04,16279.20
INV-002378,C032,2026-03-05,2026-04-04,8479.21
INV-002379,C026,2026-03-05,2026-04-04,7518.34
INV-002380,C031,2026-03-05,2026-04-04,11061.21
INV-002381,C056,2026-03-05,2026-04-19,6307.83
INV-002382,C027,2026-03-05,2026-04-04,7300.00
INV-002383,C042,2026-03-05,2026-04-04,3743.24
INV-002384,C065,2026-03-05,2026-04-19,13145.42
INV-002385,C033,2026-03-06,2026-04-05,1856.49
INV-002386,C010,2026-03-06,2026-04-05,23567.52
INV-002387,C013,2026-03-09,2026-04-08,18691.72
INV-002388,C012,2026-03-09,2026-04-08,14394.96
INV-002389,C004,2026-03-09,2026-04-08,3753.00
INV-002390,C022,2026-03-09,2026-04-08,6776.91
INV-002391,C047,2026-03-09,2026-05-08,6945.69
INV-002392,C027,2026-03-09,2026-04-08,34087.04
INV-002393,C041,2026-03-10,2026-05-09,12296.74
INV-002394,C062,2026-03-10,2026-04-24,4822.49
INV-002395,C069,2026-03-10,2026-05-09,10680.11
INV-002396,C020,2026-03-10,2026-04-09,10671.70
INV-002397,C019,2026-03-10,2026-04-09,17106.78
INV-002398,C004,2026-03-11,2026-04-10,14600.00
INV-002399,C030,2026-03-11,2026-04-25,1085.36
INV-002400,C041,2026-03-11,2026-05-10,2708.18
INV-002401,C020,2026-03-11,2026-04-10,8986.60
INV-002402,C029,2026-03-12,2026-04-26,20999.49
INV-002403,C023,2026-03-12,2026-04-11,10465.80
INV-002404,C015,2026-03-12,2026-05-11,4780.59
INV-002405,C031,2026-03-12,2026-04-11,13801.36
INV-002406,C028,2026-03-12,2026-04-11,10333.05
INV-002407,C047,2026-03-13,2026-05-12,16161.93
INV-002408,C057,2026-03-13,2026-04-12,2978.89
INV-002409,C010,2026-03-13,2026-04-12,15859.01
INV-002410,C041,2026-03-13,2026-05-12,14800.00
INV-002411,C030,2026-03-16,2026-04-30,16758.75
INV-002412,C030,2026-03-16,2026-04-30,3762.09
INV-002413,C062,2026-03-16,2026-04-30,2968.68
INV-002414,C037,2026-03-16,2026-04-15,8292.46
INV-002415,C031,2026-03-17,2026-04-16,2521.56
INV-002416,C019,2026-03-17,2026-04-16,9662.80
INV-002417,C031,2026-03-17,2026-04-16,10800.00
INV-002418,C062,2026-03-17,2026-05-01,1840.49
INV-002419,C061,2026-03-17,2026-04-16,3527.06
INV-002420,C013,2026-03-17,2026-04-16,10623.79
INV-002421,C007,2026-03-17,2026-05-16,8406.34
INV-002422,C042,2026-03-17,2026-04-16,37617.37
INV-002423,C031,2026-03-18,2026-04-17,9891.16
INV-002424,C010,2026-03-18,2026-04-17,8191.99
INV-002425,C036,2026-03-18,2026-04-17,13071.57
INV-002426,C062,2026-03-18,2026-05-02,2503.79
INV-002427,C062,2026-03-18,2026-05-02,9090.35
INV-002428,C063,2026-03-18,2026-04-17,1683.60
INV-002429,C064,2026-03-18,2026-04-17,13770.85
INV-002430,C011,2026-03-18,2026-04-17,12539.07
INV-002431,C010,2026-03-18,2026-04-17,31723.58
INV-002432,C029,2026-03-19,2026-05-03,5862.22
INV-002433,C011,2026-03-19,2026-04-18,2582.23
INV-002434,C067,2026-03-20,2026-04-19,21419.16
INV-002435,C022,2026-03-20,2026-04-19,4300.00
INV-002436,C010,2026-03-20,2026-04-19,2113.03
INV-002437,C053,2026-03-20,2026-05-19,25300.00
INV-002438,C042,2026-03-20,2026-04-19,5041.19
INV-002439,C031,2026-03-20,2026-04-19,8957.68
INV-002440,C067,2026-03-20,2026-04-19,5000.00
INV-002441,C037,2026-03-20,2026-04-19,7169.74
INV-002442,C028,2026-03-20,2026-04-19,5623.42
INV-002443,C047,2026-03-23,2026-05-22,3065.18
INV-002444,C006,2026-03-23,2026-05-07,3728.39
INV-002445,C019,2026-03-23,2026-04-22,13391.57
INV-002446,C032,2026-03-23,2026-04-22,4925.02
INV-002447,C013,2026-03-23,2026-04-22,7900.00
INV-002448,C041,2026-03-23,2026-05-22,6863.33
INV-002449,C031,2026-03-24,2026-04-23,5947.81
INV-002450,C027,2026-03-24,2026-04-23,5744.93
INV-002451,C064,2026-03-24,2026-04-23,14683.48
INV-002452,C038,2026-03-24,2026-04-23,7200.00
INV-002453,C013,2026-03-24,2026-04-23,7018.35
INV-002454,C030,2026-03-24,2026-05-08,3884.73
INV-002455,C067,2026-03-24,2026-04-23,5515.07
INV-002456,C010,2026-03-25,2026-04-24,2800.00
INV-002457,C029,2026-03-25,2026-05-09,18620.09
INV-002458,C027,2026-03-25,2026-04-24,5129.17
INV-002459,C062,2026-03-25,2026-05-09,8976.88
INV-002460,C013,2026-03-26,2026-04-25,8794.80
INV-002461,C010,2026-03-26,2026-04-25,3663.64
INV-002462,C069,2026-03-26,2026-05-25,4153.38
INV-002463,C062,2026-03-26,2026-05-10,11746.67
INV-002464,C068,2026-03-26,2026-04-25,2100.00
INV-002465,C015,2026-03-27,2026-05-26,2665.37
INV-002466,C038,2026-03-27,2026-04-26,5471.99
INV-002467,C027,2026-03-27,2026-04-26,11631.06
INV-002468,C031,2026-03-27,2026-04-26,15400.00
INV-002469,C059,2026-03-27,2026-04-26,3611.66
INV-002470,C027,2026-03-27,2026-04-26,3774.35
INV-002471,C035,2026-03-27,2026-04-26,20891.39
INV-002472,C025,2026-03-27,2026-04-26,16545.33
INV-002473,C011,2026-03-27,2026-04-26,18061.00
INV-002474,C010,2026-03-27,2026-04-26,7232.99
INV-002475,C050,2026-03-27,2026-04-26,5286.23
INV-002476,C040,2026-03-27,2026-04-26,8170.23
INV-002477,C010,2026-03-30,2026-04-29,2047.69
INV-002478,C029,2026-03-30,2026-05-14,18096.74
INV-002479,C041,2026-03-30,2026-05-29,8458.27
INV-002480,C060,2026-03-30,2026-04-29,7552.91
INV-002481,C010,2026-03-30,2026-04-29,9211.12
INV-002482,C065,2026-03-30,2026-05-14,4424.30
INV-002483,C043,2026-03-31,2026-05-30,11537.51
INV-002484,C013,2026-03-31,2026-04-30,1347.71
INV-002485,C066,2026-03-31,2026-04-30,24683.90
INV-002486,C031,2026-03-31,2026-04-30,4177.57
INV-002487,C019,2026-03-31,2026-04-30,13534.87
INV-002488,C006,2026-03-31,2026-05-15,9075.78
INV-002489,C041,2026-03-31,2026-05-30,5939.77
INV-002490,C030,2026-03-31,2026-05-15,7800.00
INV-002491,C045,2026-03-31,2026-04-30,15300.00
INV-002492,C008,2026-04-01,2026-05-01,8050.47
INV-002493,C010,2026-04-01,2026-05-01,2052.51
INV-002494,C031,2026-04-01,2026-05-01,13970.50
INV-002495,C015,2026-04-01,2026-05-31,6352.36
INV-002496,C057,2026-04-02,2026-05-02,7353.65
INV-002497,C020,2026-04-02,2026-05-02,5800.00
INV-002498,C053,2026-04-02,2026-06-01,11398.99
INV-002499,C008,2026-04-02,2026-05-02,24043.89
INV-002500,C028,2026-04-02,2026-05-02,8774.17
INV-002501,C020,2026-04-02,2026-05-02,5860.02
INV-002502,C050,2026-04-02,2026-05-02,14487.06
INV-002503,C034,2026-04-02,2026-05-02,6674.72
INV-002504,C042,2026-04-07,2026-05-07,15403.99
INV-002505,C013,2026-04-07,2026-05-07,3472.52
INV-002506,C010,2026-04-07,2026-05-07,7710.71
INV-002507,C011,2026-04-07,2026-05-07,12974.17
INV-002508,C010,2026-04-08,2026-05-08,4746.19
INV-002509,C041,2026-04-08,2026-06-07,10602.01
INV-002510,C023,2026-04-08,2026-05-08,10134.69
INV-002511,C047,2026-04-08,2026-06-07,7931.80
INV-002512,C008,2026-04-08,2026-05-08,22398.44
INV-002513,C058,2026-04-08,2026-05-08,3907.36
INV-002514,C062,2026-04-08,2026-05-23,9930.59
INV-002515,C004,2026-04-09,2026-05-09,5286.27
INV-002516,C017,2026-04-09,2026-06-08,8359.87
INV-002517,C067,2026-04-09,2026-05-09,10229.90
INV-002518,C025,2026-04-09,2026-05-09,9963.72
INV-002519,C063,2026-04-09,2026-05-09,5229.79
INV-002520,C001,2026-04-09,2026-05-09,2430.28
INV-002521,C062,2026-04-10,2026-05-25,6051.62
INV-002522,C053,2026-04-10,2026-06-09,10019.95
INV-002523,C027,2026-04-10,2026-05-10,8519.17
INV-002524,C002,2026-04-10,2026-05-10,33689.09
INV-002525,C018,2026-04-10,2026-05-10,9790.72
INV-002526,C031,2026-04-10,2026-05-10,4700.00
INV-002527,C062,2026-04-10,2026-05-25,9519.65
INV-002528,C043,2026-04-13,2026-06-12,14439.59
INV-002529,C061,2026-04-13,2026-05-13,6300.00
INV-002530,C031,2026-04-13,2026-05-13,3200.00
INV-002531,C022,2026-04-13,2026-05-13,3438.53
INV-002532,C064,2026-04-13,2026-05-13,7621.96
INV-002533,C011,2026-04-13,2026-05-13,4689.43
INV-002534,C027,2026-04-13,2026-05-13,10163.01
INV-002535,C041,2026-04-14,2026-06-13,2714.70
INV-002536,C052,2026-04-14,2026-05-14,10082.21
INV-002537,C001,2026-04-14,2026-05-14,16655.59
INV-002538,C035,2026-04-14,2026-05-14,16327.70
INV-002539,C029,2026-04-14,2026-05-29,7711.07
INV-002540,C062,2026-04-15,2026-05-30,4696.42
INV-002541,C050,2026-04-15,2026-05-15,31648.64
INV-002542,C052,2026-04-15,2026-05-15,2609.06
INV-002543,C053,2026-04-16,2026-06-15,14231.60
INV-002544,C060,2026-04-16,2026-05-16,21066.63
INV-002545,C057,2026-04-16,2026-05-16,4697.99
INV-002546,C018,2026-04-16,2026-05-16,11300.00
INV-002547,C041,2026-04-16,2026-06-15,3900.00
INV-002548,C024,2026-04-17,2026-06-16,8800.00
INV-002549,C015,2026-04-17,2026-06-16,11853.74
INV-002550,C030,2026-04-17,2026-06-01,8830.42
INV-002551,C015,2026-04-17,2026-06-16,7963.93
INV-002552,C010,2026-04-17,2026-05-17,5092.69
INV-002553,C057,2026-04-17,2026-05-17,4905.03
INV-002554,C030,2026-04-20,2026-06-04,8856.35
INV-002555,C042,2026-04-20,2026-05-20,38723.36
INV-002556,C004,2026-04-20,2026-05-20,12869.21
INV-002557,C010,2026-04-20,2026-05-20,7109.75
INV-002558,C023,2026-04-20,2026-05-20,4000.54
INV-002559,C010,2026-04-20,2026-05-20,20745.90
INV-002560,C008,2026-04-21,2026-05-21,15185.37
INV-002561,C060,2026-04-21,2026-05-21,11437.76
INV-002562,C030,2026-04-21,2026-06-05,2542.67
INV-002563,C041,2026-04-21,2026-06-20,11343.39
INV-002564,C062,2026-04-21,2026-06-05,11360.60
INV-002565,C060,2026-04-21,2026-05-21,7051.06
INV-002566,C030,2026-04-21,2026-06-05,21689.91
INV-002567,C008,2026-04-21,2026-05-21,24149.99
INV-002568,C040,2026-04-22,2026-05-22,9059.48
INV-002569,C043,2026-04-22,2026-06-21,3776.97
INV-002570,C011,2026-04-22,2026-05-22,9303.09
INV-002571,C045,2026-04-22,2026-05-22,9704.62
INV-002572,C057,2026-04-22,2026-05-22,10260.14
INV-002573,C011,2026-04-22,2026-05-22,4788.26
INV-002574,C043,2026-04-23,2026-06-22,12729.83
INV-002575,C012,2026-04-23,2026-05-23,3900.00
INV-002576,C022,2026-04-23,2026-05-23,13100.00
INV-002577,C058,2026-04-23,2026-05-23,19718.19
INV-002578,C034,2026-04-23,2026-05-23,10848.56
INV-002579,C037,2026-04-23,2026-05-23,12225.03
INV-002580,C023,2026-04-24,2026-05-24,17712.94
INV-002581,C015,2026-04-24,2026-06-23,4074.06
INV-002582,C027,2026-04-24,2026-05-24,2694.84
INV-002583,C040,2026-04-24,2026-05-24,3057.11
INV-002584,C011,2026-04-27,2026-05-27,5664.32
INV-002585,C053,2026-04-27,2026-06-26,12474.05
INV-002586,C016,2026-04-27,2026-05-27,6092.16
INV-002587,C061,2026-04-27,2026-05-27,10351.93
INV-002588,C047,2026-04-27,2026-06-26,38256.36
INV-002589,C047,2026-04-28,2026-06-27,26895.42
INV-002590,C007,2026-04-28,2026-06-27,16830.05
INV-002591,C067,2026-04-28,2026-05-28,4476.72
INV-002592,C039,2026-04-28,2026-05-28,3834.47
INV-002593,C066,2026-04-28,2026-05-28,13917.56
INV-002594,C015,2026-04-28,2026-06-27,6700.00
INV-002595,C017,2026-04-29,2026-06-28,11549.95
INV-002596,C013,2026-04-29,2026-05-29,7464.76
INV-002597,C014,2026-04-29,2026-05-29,5078.98
INV-002598,C045,2026-04-29,2026-05-29,9846.08
INV-002599,C010,2026-04-30,2026-05-30,11279.61
INV-002600,C015,2026-04-30,2026-06-29,1051.16
INV-002601,C067,2026-04-30,2026-05-30,32158.47
INV-002602,C067,2026-04-30,2026-05-30,10688.16
INV-002603,C037,2026-04-30,2026-05-30,17700.00
INV-002604,C067,2026-05-01,2026-05-31,6935.24
INV-002605,C053,2026-05-01,2026-06-30,39552.62
INV-002606,C043,2026-05-01,2026-06-30,10904.31
INV-002607,C029,2026-05-01,2026-06-15,23420.77
INV-002608,C057,2026-05-05,2026-06-04,9600.00
INV-002609,C050,2026-05-05,2026-06-04,7109.89
INV-002610,C062,2026-05-05,2026-06-19,4358.52
INV-002611,C057,2026-05-05,2026-06-04,3831.69
INV-002612,C053,2026-05-05,2026-07-04,5456.45
INV-002613,C026,2026-05-05,2026-06-04,7848.88
INV-002614,C043,2026-05-05,2026-07-04,16306.48
INV-002615,C064,2026-05-05,2026-06-04,5500.00
INV-002616,C015,2026-05-05,2026-07-04,1987.15
INV-002617,C041,2026-05-06,2026-07-05,28042.78
INV-002618,C011,2026-05-06,2026-06-05,5603.29
INV-002619,C032,2026-05-06,2026-06-05,10879.52
INV-002620,C053,2026-05-06,2026-07-05,12543.72
INV-002621,C015,2026-05-06,2026-07-05,36804.84
INV-002622,C061,2026-05-07,2026-06-06,12420.03
INV-002623,C031,2026-05-07,2026-06-06,2243.71
INV-002624,C022,2026-05-07,2026-06-06,8544.70
INV-002625,C060,2026-05-07,2026-06-06,13607.91
INV-002626,C057,2026-05-07,2026-06-06,1146.16
INV-002627,C041,2026-05-08,2026-07-07,7752.15
INV-002628,C061,2026-05-08,2026-06-07,5299.33
INV-002629,C044,2026-05-08,2026-07-07,3036.18
INV-002630,C002,2026-05-08,2026-06-07,25561.98
INV-002631,C011,2026-05-08,2026-06-07,16211.28
INV-002632,C038,2026-05-08,2026-06-07,12052.55
INV-002633,C032,2026-05-08,2026-06-07,26322.21
INV-002634,C027,2026-05-08,2026-06-07,4392.22
INV-002635,C036,2026-05-11,2026-06-10,7000.00
INV-002636,C010,2026-05-11,2026-06-10,21066.31
INV-002637,C021,2026-05-11,2026-06-10,12263.18
INV-002638,C004,2026-05-12,2026-06-11,9812.04
INV-002639,C062,2026-05-12,2026-06-26,6169.93
INV-002640,C022,2026-05-12,2026-06-11,4890.69
INV-002641,C003,2026-05-12,2026-07-11,3240.22
INV-002642,C025,2026-05-12,2026-06-11,10676.84
INV-002643,C004,2026-05-12,2026-06-11,8324.48
INV-002644,C019,2026-05-13,2026-06-12,10023.71
INV-002645,C037,2026-05-13,2026-06-12,1600.00
INV-002646,C021,2026-05-13,2026-06-12,20089.45
INV-002647,C022,2026-05-13,2026-06-12,5049.34
INV-002648,C064,2026-05-13,2026-06-12,7062.71
INV-002649,C039,2026-05-13,2026-06-12,3126.10
INV-002650,C027,2026-05-14,2026-06-13,3180.48
INV-002651,C028,2026-05-15,2026-06-14,17474.52
INV-002652,C013,2026-05-15,2026-06-14,9743.85
INV-002653,C064,2026-05-15,2026-06-14,4900.00
INV-002654,C017,2026-05-15,2026-07-14,4727.95
INV-002655,C001,2026-05-18,2026-06-17,6212.94
INV-002656,C006,2026-05-18,2026-07-02,3352.50
INV-002657,C015,2026-05-18,2026-07-17,16431.76
INV-002658,C061,2026-05-18,2026-06-17,13762.99
INV-002659,C009,2026-05-18,2026-06-17,4453.78
INV-002660,C030,2026-05-18,2026-07-02,5300.00
INV-002661,C002,2026-05-18,2026-06-17,7753.90
INV-002662,C002,2026-05-19,2026-06-18,9873.13
INV-002663,C042,2026-05-19,2026-06-18,8603.05
INV-002664,C015,2026-05-19,2026-07-18,15371.76
INV-002665,C001,2026-05-19,2026-06-18,16680.39
INV-002666,C027,2026-05-19,2026-06-18,5988.49
INV-002667,C048,2026-05-19,2026-07-03,12102.32
INV-002668,C042,2026-05-19,2026-06-18,10455.78
INV-002669,C052,2026-05-20,2026-06-19,7091.51
INV-002670,C051,2026-05-20,2026-06-19,6571.11
INV-002671,C030,2026-05-20,2026-07-04,3424.06
INV-002672,C019,2026-05-20,2026-06-19,17300.00
INV-002673,C019,2026-05-20,2026-06-19,6359.89
INV-002674,C037,2026-05-20,2026-06-19,17424.25
INV-002675,C037,2026-05-20,2026-06-19,5103.07
INV-002676,C057,2026-05-20,2026-06-19,7724.13
INV-002677,C001,2026-05-20,2026-06-19,13400.00
INV-002678,C052,2026-05-21,2026-06-20,12640.80
INV-002679,C050,2026-05-21,2026-06-20,13612.66
INV-002680,C042,2026-05-21,2026-06-20,10777.90
INV-002681,C013,2026-05-21,2026-06-20,8038.54
INV-002682,C001,2026-05-22,2026-06-21,3163.01
INV-002683,C037,2026-05-22,2026-06-21,7591.65
INV-002684,C042,2026-05-22,2026-06-21,22935.99
INV-002685,C029,2026-05-22,2026-07-06,9555.34
INV-002686,C030,2026-05-22,2026-07-06,6800.00
INV-002687,C014,2026-05-26,2026-06-25,2800.48
INV-002688,C029,2026-05-26,2026-07-10,8954.51
INV-002689,C062,2026-05-26,2026-07-10,7162.15
INV-002690,C053,2026-05-26,2026-07-25,3031.66
INV-002691,C025,2026-05-26,2026-06-25,2654.41
INV-002692,C020,2026-05-27,2026-06-26,18771.66
INV-002693,C021,2026-05-27,2026-06-26,24220.89
INV-002694,C042,2026-05-27,2026-06-26,10776.87
INV-002695,C043,2026-05-27,2026-07-26,3545.78
INV-002696,C031,2026-05-27,2026-06-26,9340.77
INV-002697,C064,2026-05-27,2026-06-26,6608.80
INV-002698,C067,2026-05-28,2026-06-27,12200.00
INV-002699,C043,2026-05-28,2026-07-27,12014.33
INV-002700,C067,2026-05-28,2026-06-27,38334.18
INV-002701,C064,2026-05-29,2026-06-28,3996.12
INV-002702,C011,2026-05-29,2026-06-28,5400.00
INV-002703,C037,2026-05-29,2026-06-28,13563.48
INV-002704,C020,2026-05-29,2026-06-28,29107.41
INV-002705,C027,2026-06-01,2026-07-01,3300.00
INV-002706,C031,2026-06-01,2026-07-01,3436.65
INV-002707,C043,2026-06-01,2026-07-31,8300.00
INV-002708,C051,2026-06-01,2026-07-01,21621.49
INV-002709,C031,2026-06-02,2026-07-02,2200.00
INV-002710,C037,2026-06-02,2026-07-02,15501.56
INV-002711,C015,2026-06-02,2026-08-01,3600.00
INV-002712,C057,2026-06-02,2026-07-02,12338.01
INV-002713,C065,2026-06-02,2026-07-17,11201.34
INV-002714,C043,2026-06-02,2026-08-01,5156.18
INV-002715,C027,2026-06-02,2026-07-02,9477.83
INV-002716,C034,2026-06-02,2026-07-02,6000.00
INV-002717,C020,2026-06-03,2026-07-03,16356.41
INV-002718,C057,2026-06-03,2026-07-03,19533.98
INV-002719,C019,2026-06-03,2026-07-03,1700.00
INV-002720,C001,2026-06-03,2026-07-03,8357.45
INV-002721,C032,2026-06-03,2026-07-03,2866.38
INV-002722,C015,2026-06-04,2026-08-03,9860.48
INV-002723,C062,2026-06-04,2026-07-19,22197.63
INV-002724,C019,2026-06-04,2026-07-04,13743.11
INV-002725,C061,2026-06-04,2026-07-04,9241.99
INV-002726,C013,2026-06-04,2026-07-04,3811.46
INV-002727,C032,2026-06-05,2026-07-05,5449.25
INV-002728,C027,2026-06-05,2026-07-05,17383.54
INV-002729,C066,2026-06-05,2026-07-05,7526.65
INV-002730,C061,2026-06-05,2026-07-05,7282.96
INV-002731,C023,2026-06-05,2026-07-05,10786.61
INV-002732,C031,2026-06-05,2026-07-05,2304.75
INV-002733,C007,2026-06-08,2026-08-07,6598.28
INV-002734,C060,2026-06-08,2026-07-08,15293.22
INV-002735,C041,2026-06-08,2026-08-07,10439.18
INV-002736,C064,2026-06-08,2026-07-08,18179.34
INV-002737,C062,2026-06-08,2026-07-23,4603.87
INV-002738,C046,2026-06-09,2026-07-09,1482.08
INV-002739,C027,2026-06-09,2026-07-09,3832.94
INV-002740,C041,2026-06-09,2026-08-08,9815.50
INV-002741,C023,2026-06-09,2026-07-09,5988.71
INV-002742,C027,2026-06-10,2026-07-10,5137.50
INV-002743,C041,2026-06-10,2026-08-09,8200.00
INV-002744,C057,2026-06-10,2026-07-10,13155.57
INV-002745,C062,2026-06-10,2026-07-25,12526.50
INV-002746,C005,2026-06-10,2026-08-09,11632.86
INV-002747,C027,2026-06-11,2026-07-11,4686.08
INV-002748,C011,2026-06-11,2026-07-11,16100.00
INV-002749,C070,2026-06-11,2026-08-10,6372.66
INV-002750,C002,2026-06-11,2026-07-11,19469.94
INV-002751,C043,2026-06-11,2026-08-10,5330.52
INV-002752,C015,2026-06-12,2026-08-11,8453.93
INV-002753,C021,2026-06-12,2026-07-12,14029.71
INV-002754,C011,2026-06-12,2026-07-12,9044.04
INV-002755,C029,2026-06-15,2026-07-30,11176.95
INV-002756,C012,2026-06-15,2026-07-15,1896.65
INV-002757,C068,2026-06-16,2026-07-16,3511.26
INV-002758,C015,2026-06-16,2026-08-15,2857.56
INV-002759,C030,2026-06-16,2026-07-31,9706.84
INV-002760,C046,2026-06-17,2026-07-17,3932.85
INV-002761,C047,2026-06-17,2026-08-16,12700.00
INV-002762,C054,2026-06-17,2026-07-17,6947.91
INV-002763,C057,2026-06-17,2026-07-17,10098.27
INV-002764,C030,2026-06-17,2026-08-01,6900.71
INV-002765,C060,2026-06-17,2026-07-17,5752.46
INV-002766,C028,2026-06-18,2026-07-18,15644.60
INV-002767,C021,2026-06-18,2026-07-18,25729.82
INV-002768,C038,2026-06-18,2026-07-18,21388.71
INV-002769,C018,2026-06-18,2026-07-18,14260.65
INV-002770,C013,2026-06-19,2026-07-19,6814.21
INV-002771,C057,2026-06-22,2026-07-22,10153.91
INV-002772,C010,2026-06-22,2026-07-22,9656.50
INV-002773,C015,2026-06-22,2026-08-21,4800.00
INV-002774,C002,2026-06-23,2026-07-23,22790.59
INV-002775,C036,2026-06-23,2026-07-23,23955.00
INV-002776,C010,2026-06-23,2026-07-23,13800.00
INV-002777,C001,2026-06-23,2026-07-23,6202.62
INV-002778,C013,2026-06-23,2026-07-23,11599.56
INV-002779,C060,2026-06-23,2026-07-23,39484.92
INV-002780,C031,2026-06-24,2026-07-24,2939.88
INV-002781,C031,2026-06-24,2026-07-24,12858.71
INV-002782,C062,2026-06-24,2026-08-08,5209.77
INV-002783,C016,2026-06-24,2026-07-24,24832.72
INV-002784,C038,2026-06-24,2026-07-24,3570.58
INV-002785,C025,2026-06-24,2026-07-24,19600.00
INV-002786,C036,2026-06-24,2026-07-24,10836.13
INV-002787,C027,2026-06-25,2026-07-25,20779.85
INV-002788,C042,2026-06-25,2026-07-25,12793.40
INV-002789,C010,2026-06-25,2026-07-25,7171.78
INV-002790,C021,2026-06-25,2026-07-25,11880.95
INV-002791,C058,2026-06-25,2026-07-25,17224.08
INV-002792,C016,2026-06-26,2026-07-26,26049.72
INV-002793,C031,2026-06-26,2026-07-26,11900.00
INV-002794,C022,2026-06-26,2026-07-26,6197.02
INV-002795,C022,2026-06-26,2026-07-26,17394.90
INV-002796,C004,2026-06-26,2026-07-26,5387.26
INV-002797,C010,2026-06-29,2026-07-29,993.55
INV-002798,C038,2026-06-29,2026-07-29,14309.91
INV-002799,C015,2026-06-29,2026-08-28,10904.68
INV-002800,C029,2026-06-29,2026-08-13,18600.26
INV-002801,C024,2026-06-29,2026-08-28,17419.54
INV-002802,C011,2026-06-29,2026-07-29,3611.70
INV-002803,C062,2026-06-29,2026-08-13,9200.00
INV-002804,C011,2026-06-29,2026-07-29,10300.00
INV-002805,C002,2026-06-29,2026-07-29,18510.61
INV-002806,C032,2026-06-30,2026-07-30,21948.29
INV-002807,C032,2026-06-30,2026-07-30,19257.31
INV-002808,C061,2026-06-30,2026-07-30,9645.88
INV-002809,C015,2026-07-01,2026-08-30,10567.75
INV-002810,C066,2026-07-01,2026-07-31,22040.06
INV-002811,C050,2026-07-01,2026-07-31,3943.06
INV-002812,C027,2026-07-01,2026-07-31,4687.09
INV-002813,C028,2026-07-01,2026-07-31,6061.24
INV-002814,C013,2026-07-01,2026-07-31,1660.85
INV-002815,C057,2026-07-02,2026-08-01,1947.45
INV-002816,C027,2026-07-02,2026-08-01,12900.00
INV-002817,C023,2026-07-03,2026-08-02,7677.55
INV-002818,C042,2026-07-03,2026-08-02,21500.00
INV-002819,C050,2026-07-03,2026-08-02,1600.00
INV-002820,C001,2026-07-06,2026-08-05,12700.00
INV-002821,C043,2026-07-06,2026-09-04,9409.19
INV-002822,C011,2026-07-06,2026-08-05,8517.65
INV-002823,C042,2026-07-06,2026-08-05,23358.27
INV-002824,C037,2026-07-06,2026-08-05,12271.74
INV-002825,C041,2026-07-07,2026-09-05,1853.88
INV-002826,C001,2026-07-07,2026-08-06,5111.40
INV-002827,C053,2026-07-07,2026-09-05,6736.21
INV-002828,C027,2026-07-07,2026-08-06,8164.68
INV-002829,C041,2026-07-07,2026-09-05,3948.90
INV-002830,C037,2026-07-07,2026-08-06,8838.14
INV-002831,C020,2026-07-08,2026-08-07,4519.97
INV-002832,C020,2026-07-08,2026-08-07,13900.00
INV-002833,C031,2026-07-08,2026-08-07,4300.00
INV-002834,C027,2026-07-08,2026-08-07,8882.50
INV-002835,C016,2026-07-08,2026-08-07,15609.08
INV-002836,C015,2026-07-08,2026-09-06,9777.03
INV-002837,C066,2026-07-08,2026-08-07,1744.93
INV-002838,C019,2026-07-08,2026-08-07,4646.95
INV-002839,C042,2026-07-08,2026-08-07,8374.05
INV-002840,C052,2026-07-08,2026-08-07,11745.96
INV-002841,C053,2026-07-09,2026-09-07,11205.51
INV-002842,C027,2026-07-09,2026-08-08,11369.89
INV-002843,C053,2026-07-10,2026-09-08,1702.39
INV-002844,C059,2026-07-10,2026-08-09,1819.34
INV-002845,C041,2026-07-10,2026-09-08,5800.00
INV-002846,C055,2026-07-13,2026-08-12,12700.00
INV-002847,C015,2026-07-13,2026-09-11,16212.15
INV-002848,C041,2026-07-13,2026-09-11,5731.37
INV-002849,C014,2026-07-13,2026-08-12,19800.00
INV-002850,C010,2026-07-14,2026-08-13,15576.16
INV-002851,C062,2026-07-14,2026-08-28,6450.96
INV-002852,C012,2026-07-14,2026-08-13,15677.15
INV-002853,C062,2026-07-14,2026-08-28,6609.44
INV-002854,C044,2026-07-14,2026-09-12,4806.83
INV-002855,C036,2026-07-14,2026-08-13,14947.22
INV-002856,C043,2026-07-15,2026-09-13,19613.41
INV-002857,C041,2026-07-15,2026-09-13,5377.04
INV-002858,C062,2026-07-15,2026-08-29,27820.09
INV-002859,C013,2026-07-15,2026-08-14,8289.09
INV-002860,C067,2026-07-16,2026-08-15,4719.64
INV-002861,C046,2026-07-16,2026-08-15,2351.05
INV-002862,C027,2026-07-16,2026-08-15,15930.55
INV-002863,C061,2026-07-16,2026-08-15,15203.51
INV-002864,C007,2026-07-16,2026-09-14,4761.70
INV-002865,C042,2026-07-17,2026-08-16,14415.19
INV-002866,C035,2026-07-17,2026-08-16,5692.89
INV-002867,C010,2026-07-17,2026-08-16,14534.92
INV-002868,C061,2026-07-17,2026-08-16,3299.62
INV-002869,C015,2026-07-17,2026-09-15,2231.59
INV-002870,C041,2026-07-17,2026-09-15,7691.09
INV-002871,C011,2026-07-17,2026-08-16,19582.18
INV-002872,C007,2026-07-17,2026-09-15,4387.84
INV-002873,C029,2026-07-20,2026-09-03,4749.38
INV-002874,C031,2026-07-20,2026-08-19,20456.63
INV-002875,C022,2026-07-20,2026-08-19,9719.96
INV-002876,C030,2026-07-20,2026-09-03,9812.81
INV-002877,C062,2026-07-20,2026-09-03,17372.62
INV-002878,C004,2026-07-20,2026-08-19,6542.48
INV-002879,C018,2026-07-20,2026-08-19,20204.52
INV-002880,C031,2026-07-20,2026-08-19,5376.31
INV-002881,C027,2026-07-20,2026-08-19,17121.71
INV-002882,C021,2026-07-20,2026-08-19,2783.51
INV-002883,C027,2026-07-20,2026-08-19,31800.00
INV-002884,C022,2026-07-20,2026-08-19,20981.08
INV-002885,C044,2026-07-21,2026-09-19,29660.44
INV-002886,C069,2026-07-21,2026-09-19,5686.59
INV-002887,C031,2026-07-21,2026-08-20,11200.00
INV-002888,C019,2026-07-22,2026-08-21,5000.00
INV-002889,C015,2026-07-22,2026-09-20,4450.52
INV-002890,C029,2026-07-22,2026-09-05,8051.43
INV-002891,C013,2026-07-22,2026-08-21,13963.23
INV-002892,C027,2026-07-22,2026-08-21,4000.00
INV-002893,C031,2026-07-22,2026-08-21,10795.20
INV-002894,C015,2026-07-23,2026-09-21,4407.50
INV-002895,C031,2026-07-23,2026-08-22,7200.00
INV-002896,C027,2026-07-23,2026-08-22,6408.76
INV-002897,C030,2026-07-24,2026-09-07,8296.57
INV-002898,C043,2026-07-24,2026-09-22,34752.25
INV-002899,C031,2026-07-24,2026-08-23,18796.92
INV-002900,C067,2026-07-24,2026-08-23,15418.14
INV-002901,C062,2026-07-27,2026-09-10,14213.72
INV-002902,C067,2026-07-27,2026-08-26,5563.52
INV-002903,C004,2026-07-27,2026-08-26,6533.17
INV-002904,C017,2026-07-28,2026-09-26,22543.17
INV-002905,C062,2026-07-28,2026-09-11,9323.88
INV-002906,C019,2026-07-28,2026-08-27,5159.97
INV-002907,C031,2026-07-28,2026-08-27,3400.00
INV-002908,C014,2026-07-28,2026-08-27,7342.57
INV-002909,C053,2026-07-29,2026-09-27,10681.82
INV-002910,C062,2026-07-29,2026-09-12,21160.89
INV-002911,C004,2026-07-29,2026-08-28,11431.62
INV-002912,C010,2026-07-29,2026-08-28,9078.92
INV-002913,C032,2026-07-29,2026-08-28,9871.37
INV-002914,C054,2026-07-30,2026-08-29,15615.91
INV-002915,C062,2026-07-30,2026-09-13,6949.48
INV-002916,C062,2026-07-30,2026-09-13,3134.85
INV-002917,C039,2026-07-30,2026-08-29,3560.93
INV-002918,C053,2026-07-30,2026-09-28,4209.25
INV-002919,C036,2026-07-30,2026-08-29,6946.77
INV-002920,C013,2026-07-30,2026-08-29,11395.07
INV-002921,C020,2026-07-31,2026-08-30,11959.46
INV-002922,C011,2026-07-31,2026-08-30,3579.71
INV-002923,C001,2026-07-31,2026-08-30,12287.11
INV-002924,C015,2026-07-31,2026-09-29,6350.96
INV-002925,C014,2026-07-31,2026-08-30,22181.08
INV-002926,C067,2026-07-31,2026-08-30,6439.44
INV-002927,C038,2026-07-31,2026-08-30,15855.19
INV-002928,C041,2026-07-31,2026-09-29,8235.55
INV-002929,C062,2026-07-31,2026-09-14,4473.45
INV-002930,C011,2026-07-31,2026-08-30,5612.92
INV-002931,C011,2026-08-03,2026-09-02,7565.15
INV-002932,C008,2026-08-03,2026-09-02,17919.91
INV-002933,C059,2026-08-04,2026-09-03,1727.93
INV-002934,C063,2026-08-04,2026-09-03,12800.00
INV-002935,C027,2026-08-04,2026-09-03,8900.00
INV-002936,C042,2026-08-05,2026-09-04,5674.19
INV-002937,C010,2026-08-05,2026-09-04,19273.09
INV-002938,C039,2026-08-05,2026-09-04,3868.44
INV-002939,C064,2026-08-05,2026-09-04,14705.56
INV-002940,C049,2026-08-06,2026-10-05,1968.88
INV-002941,C062,2026-08-06,2026-09-20,7300.00
INV-002942,C052,2026-08-06,2026-09-05,7833.59
INV-002943,C013,2026-08-06,2026-09-05,21220.59
INV-002944,C064,2026-08-07,2026-09-06,5700.00
INV-002945,C066,2026-08-07,2026-09-06,14407.00
INV-002946,C062,2026-08-07,2026-09-21,14263.62
INV-002947,C039,2026-08-07,2026-09-06,2589.77
INV-002948,C027,2026-08-10,2026-09-09,18014.50
INV-002949,C066,2026-08-10,2026-09-09,13753.12
INV-002950,C057,2026-08-10,2026-09-09,7446.12
INV-002951,C004,2026-08-10,2026-09-09,4296.07
INV-002952,C004,2026-08-10,2026-09-09,7445.87
INV-002953,C064,2026-08-11,2026-09-10,4964.82
INV-002954,C014,2026-08-11,2026-09-10,6634.80
INV-002955,C060,2026-08-12,2026-09-11,6366.34
INV-002956,C030,2026-08-12,2026-09-26,3538.77
INV-002957,C064,2026-08-12,2026-09-11,7378.93
INV-002958,C062,2026-08-13,2026-09-27,28499.78
INV-002959,C067,2026-08-13,2026-09-12,15162.78
INV-002960,C020,2026-08-13,2026-09-12,9477.11
INV-002961,C038,2026-08-13,2026-09-12,22098.41
INV-002962,C041,2026-08-13,2026-10-12,9058.77
INV-002963,C020,2026-08-14,2026-09-13,10518.26
INV-002964,C005,2026-08-17,2026-10-16,5297.53
INV-002965,C015,2026-08-17,2026-10-16,11889.23
INV-002966,C057,2026-08-17,2026-09-16,8495.15
INV-002967,C019,2026-08-17,2026-09-16,8000.91
INV-002968,C005,2026-08-18,2026-10-17,2181.47
INV-002969,C064,2026-08-18,2026-09-17,9994.83
INV-002970,C013,2026-08-18,2026-09-17,12266.83
INV-002971,C038,2026-08-18,2026-09-17,2874.87
INV-002972,C027,2026-08-18,2026-09-17,6287.92
INV-002973,C041,2026-08-18,2026-10-17,8700.28
INV-002974,C030,2026-08-18,2026-10-02,3932.90
INV-002975,C043,2026-08-18,2026-10-17,6515.86
INV-002976,C067,2026-08-18,2026-09-17,7939.20
INV-002977,C041,2026-08-19,2026-10-18,4603.78
INV-002978,C068,2026-08-19,2026-09-18,9933.59
INV-002979,C049,2026-08-19,2026-10-18,37066.83
INV-002980,C042,2026-08-19,2026-09-18,14299.15
INV-002981,C065,2026-08-19,2026-10-03,14100.00
INV-002982,C035,2026-08-20,2026-09-19,11188.67
INV-002983,C049,2026-08-20,2026-10-19,18556.49
INV-002984,C041,2026-08-21,2026-10-20,2668.83
INV-002985,C013,2026-08-21,2026-09-20,20793.54
INV-002986,C027,2026-08-24,2026-09-23,9121.88
INV-002987,C034,2026-08-24,2026-09-23,9096.37
INV-002988,C011,2026-08-24,2026-09-23,3332.71
INV-002989,C013,2026-08-24,2026-09-23,6180.86
INV-002990,C019,2026-08-24,2026-09-23,9274.00
INV-002991,C042,2026-08-24,2026-09-23,5611.43
INV-002992,C025,2026-08-25,2026-09-24,20210.19
INV-002993,C015,2026-08-25,2026-10-24,21623.51
INV-002994,C001,2026-08-25,2026-09-24,5032.00
INV-002995,C028,2026-08-25,2026-09-24,10810.22
INV-002996,C007,2026-08-25,2026-10-24,7705.61
INV-002997,C013,2026-08-25,2026-09-24,11420.26
INV-002998,C057,2026-08-25,2026-09-24,5360.84
INV-002999,C030,2026-08-25,2026-10-09,7800.00
INV-003000,C027,2026-08-26,2026-09-25,30818.01
INV-003001,C015,2026-08-26,2026-10-25,14500.00
INV-003002,C057,2026-08-26,2026-09-25,11086.90
INV-003003,C021,2026-08-26,2026-09-25,4797.75
INV-003004,C010,2026-08-26,2026-09-25,14800.00
INV-003005,C060,2026-08-26,2026-09-25,3132.97
INV-003006,C041,2026-08-26,2026-10-25,2740.56
INV-003007,C028,2026-08-27,2026-09-26,23743.07
INV-003008,C031,2026-08-27,2026-09-26,18300.00
INV-003009,C015,2026-08-28,2026-10-27,7986.20
